[2026-05-21T16:27:21.305] [DEBUG] debug-file - env: nodejsVersion=v18.20.1
[2026-05-21T16:27:21.863] [DEBUG] debug-file - Hvigor init with startParameters:{
  hvigorfileTypeCheck: false,
  parallelExecution: true,
  incrementalExecution: true,
  printStackTrace: false,
  daemon: false,
  analyze: 0,
  logLevel: Level { level: 20000, levelStr: 'INFO', colour: 'green' },
  optimizationStrategy: 'memory',
  hotCompile: undefined,
  hotReloadBuild: undefined,
  customizedParam: undefined
}
[2026-05-21T16:27:27.118] [DEBUG] debug-file - hvigorfile, require result:  { appTasks: [Getter] }
[2026-05-21T16:27:27.124] [DEBUG] debug-file - Starting plugin build process
[2026-05-21T16:27:27.711] [DEBUG] debug-file - App plugin register hook start...
[2026-05-21T16:27:27.719] [DEBUG] debug-file - Start initialize project's product build option map with build mode debug.
[2026-05-21T16:27:28.005] [DEBUG] debug-file - failed to load cangjie to dynamically generate schemas: Error: Cannot find module '@ohos/cangjie-build-support/index'
Require stack:
- D:\DevEco Studio\tools\hvigor\hvigor-ohos-plugin\src\plugin\hooks\cangjie-register.js
- D:\DevEco Studio\tools\hvigor\hvigor-ohos-plugin\src\plugin\strategy\stage-init-strategy.js
- D:\DevEco Studio\tools\hvigor\hvigor-ohos-plugin\src\plugin\builder\abstract-plugin-builder.js
- D:\DevEco Studio\tools\hvigor\hvigor-ohos-plugin\src\plugin\builder\app-plugin-builder.js
- D:\DevEco Studio\tools\hvigor\hvigor-ohos-plugin\src\plugin\factory\plugin-factory.js
- D:\DevEco Studio\tools\hvigor\hvigor-ohos-plugin\index.js
- C:\Users\huawei\Downloads\Compressed\PageAndData-master-PageAndData04\PageAndData04\04_Complete\hvigorfile.ts
- D:\DevEco Studio\tools\hvigor\hvigor\src\base\internal\lifecycle\configuration.js
- D:\DevEco Studio\tools\hvigor\hvigor\src\base\boot\index.js
- D:\DevEco Studio\tools\hvigor\hvigor\src\cli\main\cli.js
- D:\DevEco Studio\tools\hvigor\hvigor\bin\hvigor.js
[2026-05-21T16:27:27.737] [DEBUG] debug-file - Obtain build option for product 'default'in this build.
[2026-05-21T16:27:28.168] [DEBUG] debug-file - Start initialize module-target build option map, moduleName=entry, buildMode=release
[2026-05-21T16:27:27.801] [DEBUG] debug-file - Start recording SDK configuration permission data.
[2026-05-21T16:27:27.978] [DEBUG] debug-file - Project task initialization takes 24 ms 
[2026-05-21T16:27:28.232] [DEBUG] debug-file - project has submodules:entry
[2026-05-21T16:27:28.240] [DEBUG] debug-file - start to load updatedOhPackageInfo to the disk
[2026-05-21T16:27:28.285] [DEBUG] debug-file - Start to initialize dependency information.
[2026-05-21T16:27:28.326] [DEBUG] debug-file - entry : clean cost memory 0.1202392578125
[2026-05-21T16:27:21.307] [DEBUG] debug-file - env: hvigor-config.json5 content = {
  modelVersion: '6.0.0',
  dependencies: {},
  execution: {},
  logging: {},
  debugging: {}
}
[2026-05-21T16:27:21.863] [DEBUG] debug-file - Since current hvigor version 6.23.5 differs from last hvigor version 
      undefined, delete file-cache.json and task-cache.json.
[2026-05-21T16:27:28.423] [DEBUG] debug-file - Create  resident worker with id: 0.
[2026-05-21T16:27:27.124] [DEBUG] debug-file - App plugin prepare start...
[2026-05-21T16:27:27.119] [DEBUG] debug-file - hvigorfile, binding system plugins { appTasks: [Getter] }
[2026-05-21T16:27:27.713] [DEBUG] debug-file - App plugin register hook end...
[2026-05-21T16:27:27.719] [DEBUG] debug-file - Picking option from product 'default' with build mode 'debug'.
[2026-05-21T16:27:28.169] [DEBUG] debug-file - Target 'default' config initialized
[2026-05-21T16:27:27.741] [DEBUG] debug-file - not found resModel json file in : C:\Users\huawei\Downloads\Compressed\PageAndData-master-PageAndData04\PageAndData04\04_Complete\entry\src\ohosTest\module.json5
[2026-05-21T16:27:27.947] [DEBUG] debug-file - Sdk init in 179 ms 
[2026-05-21T16:27:27.978] [DEBUG] debug-file - hvigorfile, resolve finished C:\Users\huawei\Downloads\Compressed\PageAndData-master-PageAndData04\PageAndData04\04_Complete\hvigorfile.ts
[2026-05-21T16:27:28.264] [DEBUG] debug-file - load to the disk finished
[2026-05-21T16:27:28.294] [DEBUG] debug-file - Module entry Collected Dependency: 
[2026-05-21T16:27:28.326] [DEBUG] debug-file - runTaskFromQueue task cost before running: 6 s 477 ms 
[2026-05-21T16:27:21.309] [DEBUG] debug-file - env: daemon=false
[2026-05-21T16:27:21.864] [DEBUG] debug-file - Cache service initialization finished in 1 ms 
[2026-05-21T16:27:28.433] [DEBUG] debug-file - Create  resident worker with id: 1.
[2026-05-21T16:27:27.125] [DEBUG] debug-file - App plugin prepare end...
[2026-05-21T16:27:27.713] [DEBUG] debug-file - Plugin build process completed
[2026-05-21T16:27:27.720] [DEBUG] debug-file - Product 'default' build option initialized
[2026-05-21T16:27:28.175] [DEBUG] debug-file - Target 'ohosTest' config initialized
[2026-05-21T16:27:27.765] [DEBUG] debug-file - No signingConfig found, initRemoteHspCache failed.
[2026-05-21T16:27:27.980] [DEBUG] debug-file - hvigorfile, resolving C:\Users\huawei\Downloads\Compressed\PageAndData-master-PageAndData04\PageAndData04\04_Complete\entry\hvigorfile.ts
[2026-05-21T16:27:28.269] [DEBUG] debug-file - Start to initialize dependency information.
[2026-05-21T16:27:28.295] [DEBUG] debug-file - Module entry's total dependency: 0
[2026-05-21T16:27:21.309] [DEBUG] debug-file - no-daemon, use the parent process.execArgv --max-old-space-size=8192,--max-semi-space-size=16,--expose-gc
[2026-05-21T16:27:28.440] [DEBUG] debug-file - Current worker pool is stopped or closed.
[2026-05-21T16:27:21.867] [DEBUG] debug-file - hvigorfile, resolving C:\Users\huawei\Downloads\Compressed\PageAndData-master-PageAndData04\PageAndData04\04_Complete\hvigorfile.ts
[2026-05-21T16:27:28.331] [INFO] debug-file - Finished :entry:clean... after 8 ms 
[2026-05-21T16:27:27.125] [DEBUG] debug-file - App plugin creating...
[2026-05-21T16:27:27.720] [DEBUG] debug-file - End initialize project's product build option map with build mode 'debug'.
[2026-05-21T16:27:28.175] [DEBUG] debug-file - Module 'entry' target 'default' build option initialized
[2026-05-21T16:27:27.774] [DEBUG] debug-file - Local scan or download HarmonyOS sdk components toolchains,ets,js,native,previewer
[2026-05-21T16:27:27.998] [DEBUG] debug-file - hvigorfile, require result:  { hapTasks: [Getter] }
[2026-05-21T16:27:28.305] [DEBUG] debug-file - Configuration phase cost:6 s 440 ms 
[2026-05-21T16:27:28.278] [DEBUG] debug-file - Module 04_Complete Collected Dependency: 
[2026-05-21T16:27:28.440] [DEBUG] debug-file - Clear worker 0.
[2026-05-21T16:27:28.332] [DEBUG] debug-file - Executing task ::clean
[2026-05-21T16:27:28.179] [DEBUG] debug-file - Module 'entry' target 'ohosTest' build option initialized
[2026-05-21T16:27:27.786] [DEBUG] debug-file - Local scan or download hmscore sdk components toolchains,ets,native
[2026-05-21T16:27:27.998] [DEBUG] debug-file - hvigorfile, binding system plugins { hapTasks: [Getter] }
[2026-05-21T16:27:28.316] [DEBUG] debug-file - Configuration task cost before running: 6 s 467 ms 
[2026-05-21T16:27:28.278] [DEBUG] debug-file - Module 04_Complete's total dependency: 0
[2026-05-21T16:27:28.441] [DEBUG] debug-file - Worker 0 has been cleared.
[2026-05-21T16:27:28.332] [DEBUG] debug-file - clean: Worker pool is inactive.
[2026-05-21T16:27:28.180] [DEBUG] debug-file - End initialize module-target build option map, moduleName=entry
[2026-05-21T16:27:27.998] [DEBUG] debug-file - Starting plugin build process
[2026-05-21T16:27:28.319] [DEBUG] debug-file - Executing task :entry:clean
[2026-05-21T16:27:28.441] [DEBUG] debug-file - Current idle worker size: 1.
[2026-05-21T16:27:28.332] [DEBUG] debug-file - 04_Complete : clean cost memory 0.0218048095703125
[2026-05-21T16:27:28.180] [DEBUG] debug-file - Start initialize module-target build option map, moduleName=entry, buildMode=debug
[2026-05-21T16:27:27.999] [DEBUG] debug-file - Hap plugin creating...
[2026-05-21T16:27:28.320] [DEBUG] debug-file - clean: Worker pool is inactive.
[2026-05-21T16:27:28.333] [DEBUG] debug-file - runTaskFromQueue task cost before running: 6 s 483 ms 
[2026-05-21T16:27:28.183] [DEBUG] debug-file - Target 'default' config initialized
[2026-05-21T16:27:28.441] [DEBUG] debug-file - Current busy worker size: 0.
[2026-05-21T16:27:28.333] [INFO] debug-file - Finished ::clean... after 1 ms 
[2026-05-21T16:27:28.186] [DEBUG] debug-file - Target 'ohosTest' config initialized
[2026-05-21T16:27:28.441] [DEBUG] debug-file - Clear worker 1.
[2026-05-21T16:27:28.334] [DEBUG] debug-file - Executing task :entry:init
[2026-05-21T16:27:28.441] [DEBUG] debug-file - Worker 1 has been cleared.
[2026-05-21T16:27:28.334] [DEBUG] debug-file - entry : init cost memory 0.01267242431640625
[2026-05-21T16:27:28.187] [DEBUG] debug-file - Module 'entry' target 'default' build option initialized
[2026-05-21T16:27:28.441] [DEBUG] debug-file - Current idle worker size: 0.
[2026-05-21T16:27:28.334] [DEBUG] debug-file - runTaskFromQueue task cost before running: 6 s 485 ms 
[2026-05-21T16:27:28.187] [DEBUG] debug-file - Module 'entry' target 'ohosTest' build option initialized
[2026-05-21T16:27:28.441] [DEBUG] debug-file - Current busy worker size: 0.
[2026-05-21T16:27:28.335] [INFO] debug-file - Finished :entry:init... after 1 ms 
[2026-05-21T16:27:28.445] [DEBUG] debug-file - hvigor build process will be closed.
[2026-05-21T16:27:28.190] [DEBUG] debug-file - End initialize module-target build option map, moduleName=entry
[2026-05-21T16:27:28.335] [DEBUG] debug-file - Executing task ::init
[2026-05-21T16:27:28.456] [DEBUG] debug-file - worker[0] exits with exit code 0.
[2026-05-21T16:27:28.191] [DEBUG] debug-file - Start initialize module-target build option map, moduleName=entry, buildMode=debug
[2026-05-21T16:27:28.335] [DEBUG] debug-file - 04_Complete : init cost memory 0.01181793212890625
[2026-05-21T16:27:28.457] [DEBUG] debug-file - worker[1] exits with exit code 0.
[2026-05-21T16:27:28.191] [DEBUG] debug-file - Target 'default' config initialized
[2026-05-21T16:27:28.335] [DEBUG] debug-file - runTaskFromQueue task cost before running: 6 s 486 ms 
[2026-05-21T16:27:28.458] [DEBUG] debug-file - Current worker pool is terminated.
[2026-05-21T16:27:28.191] [DEBUG] debug-file - Target 'ohosTest' config initialized
[2026-05-21T16:27:28.336] [INFO] debug-file - Finished ::init... after 1 ms 
[2026-05-21T16:27:28.195] [DEBUG] debug-file - Module 'entry' target 'default' build option initialized
[2026-05-21T16:27:28.362] [DEBUG] debug-file - Obtain build option for module 'entry' target 'default'in this build.
[2026-05-21T16:27:28.195] [DEBUG] debug-file - Module 'entry' target 'ohosTest' build option initialized
[2026-05-21T16:27:28.364] [DEBUG] debug-file - Obtain build option for module 'entry' target 'ohosTest'in this build.
[2026-05-21T16:27:28.195] [DEBUG] debug-file - End initialize module-target build option map, moduleName=entry
[2026-05-21T16:27:28.417] [DEBUG] debug-file - Since there is no instance or instance is terminated, create a new worker pool.
[2026-05-21T16:27:28.199] [DEBUG] debug-file - Obtain build option for module 'entry' target 'default'in this build.
[2026-05-21T16:27:28.417] [DEBUG] debug-file - Worker pool is initialized with config:  {
  minPoolNum: 2,
  maxPoolNum: undefined,
  maxCoreSize: undefined,
  cacheCapacity: undefined,
  cacheTtl: undefined
}
[2026-05-21T16:27:28.224] [DEBUG] debug-file - Module entry task initialization takes 22 ms 
[2026-05-21T16:27:28.225] [DEBUG] debug-file - Hap plugin register hook start...
[2026-05-21T16:27:28.225] [DEBUG] debug-file - Hap plugin register hook end...
[2026-05-21T16:27:28.225] [DEBUG] debug-file - Plugin build process completed
[2026-05-21T16:27:28.225] [DEBUG] debug-file - hvigorfile, resolve finished C:\Users\huawei\Downloads\Compressed\PageAndData-master-PageAndData04\PageAndData04\04_Complete\entry\hvigorfile.ts
[2026-05-21T16:29:24.603] [DEBUG] debug-file - env: nodejsVersion=v18.20.1
[2026-05-21T16:29:24.691] [DEBUG] debug-file - env: daemon=true
[2026-05-21T16:29:24.605] [DEBUG] debug-file - env: hvigor-config.json5 content = {
  modelVersion: '6.0.0',
  dependencies: {},
  execution: {},
  logging: {},
  debugging: {}
}
[2026-05-21T16:29:26.267] [DEBUG] debug-file - java daemon tryConnect failed Error: connect ECONNREFUSED 127.0.0.1:45050
[2026-05-21T16:29:26.337] [DEBUG] debug-file - java daemon started at port 45050 pid 44236
[2026-05-21T16:29:27.481] [DEBUG] debug-file - session manager: set active socket. socketId=0jsDRn10oOy2E1EkAAAB
[2026-05-21T16:29:27.561] [DEBUG] debug-file - watch worker: worker id should be larger than 0. Nothing will be sent to any worker thread.
[2026-05-21T16:29:27.571] [DEBUG] debug-file - Since there is no instance or instance is terminated, create a new worker pool.
[2026-05-21T16:29:27.572] [DEBUG] debug-file - Worker pool is initialized with config:  {
  minPoolNum: 2,
  maxPoolNum: undefined,
  maxCoreSize: undefined,
  cacheCapacity: undefined,
  cacheTtl: undefined
}
[2026-05-21T16:29:27.573] [DEBUG] debug-file - Create  resident worker with id: 0.
[2026-05-21T16:29:27.576] [DEBUG] debug-file - Create  resident worker with id: 1.
[2026-05-21T16:29:27.580] [DEBUG] debug-file - Workers' log level updated to INFO
[2026-05-21T16:29:27.591] [DEBUG] debug-file - Hvigor init with startParameters:{
  hvigorfileTypeCheck: false,
  parallelExecution: true,
  incrementalExecution: true,
  printStackTrace: false,
  daemon: true,
  analyze: 0,
  logLevel: Level { level: 20000, levelStr: 'INFO', colour: 'green' },
  optimizationStrategy: 'memory',
  hotCompile: undefined,
  hotReloadBuild: undefined,
  customizedParam: undefined
}
[2026-05-21T16:29:27.593] [DEBUG] debug-file - Cache service initialization finished in 2 ms 
[2026-05-21T16:29:27.597] [DEBUG] debug-file - hvigorfile, resolving C:\Users\huawei\Downloads\Compressed\PageAndData-master-PageAndData04\PageAndData04\04_Complete\hvigorfile.ts
[2026-05-21T16:29:36.078] [DEBUG] debug-file - hvigorfile, require result:  {}
[2026-05-21T16:29:36.079] [DEBUG] debug-file - hvigorfile, binding system plugins {}
[2026-05-21T16:29:36.081] [DEBUG] debug-file - Starting plugin build process
[2026-05-21T16:29:36.082] [DEBUG] debug-file - App plugin prepare start...
[2026-05-21T16:29:36.082] [DEBUG] debug-file - App plugin prepare end...
[2026-05-21T16:29:36.083] [DEBUG] debug-file - App plugin creating...
[2026-05-21T16:29:40.959] [DEBUG] debug-file - App plugin register hook start...
[2026-05-21T16:29:40.961] [DEBUG] debug-file - App plugin register hook end...
[2026-05-21T16:29:40.961] [DEBUG] debug-file - Plugin build process completed
[2026-05-21T16:29:40.967] [DEBUG] debug-file - Start initialize project's product build option map with build mode debug.
[2026-05-21T16:29:40.967] [DEBUG] debug-file - Picking option from product 'default' with build mode 'debug'.
[2026-05-21T16:29:40.970] [DEBUG] debug-file - Product 'default' build option initialized
[2026-05-21T16:29:40.971] [DEBUG] debug-file - End initialize project's product build option map with build mode 'debug'.
[2026-05-21T16:29:40.978] [DEBUG] debug-file - Obtain build option for product 'default'in this build.
[2026-05-21T16:29:40.983] [DEBUG] debug-file - not found resModel json file in : C:\Users\huawei\Downloads\Compressed\PageAndData-master-PageAndData04\PageAndData04\04_Complete\entry\src\ohosTest\module.json5
[2026-05-21T16:29:41.023] [DEBUG] debug-file - No signingConfig found, initRemoteHspCache failed.
[2026-05-21T16:29:41.037] [DEBUG] debug-file - Local scan or download HarmonyOS sdk components toolchains,ets,js,native,previewer
[2026-05-21T16:29:41.063] [DEBUG] debug-file - Local scan or download hmscore sdk components toolchains,ets,native
[2026-05-21T16:29:41.080] [DEBUG] debug-file - Start recording SDK configuration permission data.
[2026-05-21T16:29:41.216] [DEBUG] debug-file - Sdk init in 186 ms 
[2026-05-21T16:29:41.238] [DEBUG] debug-file - Project task initialization takes 18 ms 
[2026-05-21T16:29:41.238] [DEBUG] debug-file - hvigorfile, resolve finished C:\Users\huawei\Downloads\Compressed\PageAndData-master-PageAndData04\PageAndData04\04_Complete\hvigorfile.ts
[2026-05-21T16:29:41.241] [DEBUG] debug-file - hvigorfile, resolving C:\Users\huawei\Downloads\Compressed\PageAndData-master-PageAndData04\PageAndData04\04_Complete\entry\hvigorfile.ts
[2026-05-21T16:29:41.273] [DEBUG] debug-file - hvigorfile, require result:  {}
[2026-05-21T16:29:41.274] [DEBUG] debug-file - hvigorfile, binding system plugins {}
[2026-05-21T16:29:41.276] [DEBUG] debug-file - Starting plugin build process
[2026-05-21T16:29:41.277] [DEBUG] debug-file - Hap plugin creating...
[2026-05-21T16:29:41.283] [DEBUG] debug-file - failed to load cangjie to dynamically generate schemas: Error: Cannot find module '@ohos/cangjie-build-support/index'
Require stack:
- D:\DevEco Studio\tools\hvigor\hvigor-ohos-plugin\src\plugin\hooks\cangjie-register.js
- D:\DevEco Studio\tools\hvigor\hvigor-ohos-plugin\src\plugin\strategy\stage-init-strategy.js
- D:\DevEco Studio\tools\hvigor\hvigor-ohos-plugin\src\plugin\builder\abstract-plugin-builder.js
- D:\DevEco Studio\tools\hvigor\hvigor-ohos-plugin\src\plugin\builder\app-plugin-builder.js
- D:\DevEco Studio\tools\hvigor\hvigor-ohos-plugin\src\plugin\factory\plugin-factory.js
- D:\DevEco Studio\tools\hvigor\hvigor-ohos-plugin\index.js
- C:\Users\huawei\Downloads\Compressed\PageAndData-master-PageAndData04\PageAndData04\04_Complete\hvigorfile.ts
- D:\DevEco Studio\tools\hvigor\hvigor\src\base\internal\lifecycle\configuration.js
- D:\DevEco Studio\tools\hvigor\hvigor\src\base\boot\index.js
- D:\DevEco Studio\tools\hvigor\hvigor\src\base\daemon\cluster\worker-process-lifecycle.js
- D:\DevEco Studio\tools\hvigor\hvigor\src\base\daemon\process\daemon-process-boot-script.js
[2026-05-21T16:29:41.325] [DEBUG] debug-file - Start initialize module-target build option map, moduleName=entry, buildMode=release
[2026-05-21T16:29:41.326] [DEBUG] debug-file - Target 'default' config initialized
[2026-05-21T16:29:41.328] [DEBUG] debug-file - Target 'ohosTest' config initialized
[2026-05-21T16:29:41.328] [DEBUG] debug-file - Module 'entry' target 'default' build option initialized
[2026-05-21T16:29:41.329] [DEBUG] debug-file - Module 'entry' target 'ohosTest' build option initialized
[2026-05-21T16:29:41.329] [DEBUG] debug-file - End initialize module-target build option map, moduleName=entry
[2026-05-21T16:29:41.330] [DEBUG] debug-file - Start initialize module-target build option map, moduleName=entry, buildMode=debug
[2026-05-21T16:29:41.330] [DEBUG] debug-file - Target 'default' config initialized
[2026-05-21T16:29:41.332] [DEBUG] debug-file - Target 'ohosTest' config initialized
[2026-05-21T16:29:41.332] [DEBUG] debug-file - Module 'entry' target 'default' build option initialized
[2026-05-21T16:29:41.333] [DEBUG] debug-file - Module 'entry' target 'ohosTest' build option initialized
[2026-05-21T16:29:41.333] [DEBUG] debug-file - End initialize module-target build option map, moduleName=entry
[2026-05-21T16:29:41.333] [DEBUG] debug-file - Start initialize module-target build option map, moduleName=entry, buildMode=debug
[2026-05-21T16:29:41.334] [DEBUG] debug-file - Target 'default' config initialized
[2026-05-21T16:29:41.334] [DEBUG] debug-file - Target 'ohosTest' config initialized
[2026-05-21T16:29:41.335] [DEBUG] debug-file - Module 'entry' target 'default' build option initialized
[2026-05-21T16:29:41.335] [DEBUG] debug-file - Module 'entry' target 'ohosTest' build option initialized
[2026-05-21T16:29:41.336] [DEBUG] debug-file - End initialize module-target build option map, moduleName=entry
[2026-05-21T16:29:41.338] [DEBUG] debug-file - Obtain build option for module 'entry' target 'default'in this build.
[2026-05-21T16:29:41.357] [DEBUG] debug-file - Module entry task initialization takes 17 ms 
[2026-05-21T16:29:41.358] [DEBUG] debug-file - Hap plugin register hook start...
[2026-05-21T16:29:41.358] [DEBUG] debug-file - Hap plugin register hook end...
[2026-05-21T16:29:41.359] [DEBUG] debug-file - Plugin build process completed
[2026-05-21T16:29:41.359] [DEBUG] debug-file - hvigorfile, resolve finished C:\Users\huawei\Downloads\Compressed\PageAndData-master-PageAndData04\PageAndData04\04_Complete\entry\hvigorfile.ts
[2026-05-21T16:29:41.430] [DEBUG] debug-file - hvigorfile, resolve hvigorfile dependencies in 67 ms 
[2026-05-21T16:29:41.431] [DEBUG] debug-file - project has submodules:entry
[2026-05-21T16:29:41.436] [DEBUG] debug-file - start to load updatedOhPackageInfo to the disk
[2026-05-21T16:29:41.442] [DEBUG] debug-file - load to the disk finished
[2026-05-21T16:29:41.445] [DEBUG] debug-file - Start to initialize dependency information.
[2026-05-21T16:29:41.451] [DEBUG] debug-file - Module 04_Complete Collected Dependency: 
[2026-05-21T16:29:41.451] [DEBUG] debug-file - Module 04_Complete's total dependency: 0
[2026-05-21T16:29:41.456] [DEBUG] debug-file - Start to initialize dependency information.
[2026-05-21T16:29:41.466] [DEBUG] debug-file - Module entry Collected Dependency: 
[2026-05-21T16:29:41.466] [DEBUG] debug-file - Module entry's total dependency: 0
[2026-05-21T16:29:41.480] [DEBUG] debug-file - Configuration phase cost:13 s 886 ms 
[2026-05-21T16:29:41.487] [DEBUG] debug-file - Configuration task cost before running: 13 s 906 ms 
[2026-05-21T16:29:41.508] [DEBUG] debug-file - Executing task :entry:default@PreBuild
[2026-05-21T16:29:41.514] [DEBUG] debug-file - Task 'entry:default@PreBuild' cost while wrapping incremental declarations: 1 ms 
[2026-05-21T16:29:42.049] [DEBUG] debug-file - current product is not Atomic service.
[2026-05-21T16:29:42.050] [DEBUG] debug-file - Use tool [win32: JAVA_HOME, CLASSPATH]
 [ { JAVA_HOME: 'D:\\DevEco Studio\\jbr' }, { CLASSPATH: undefined } ]
[2026-05-21T16:29:42.050] [DEBUG] debug-file - Use tool [win32: NODE_HOME]
 [ { NODE_HOME: 'D:\\DevEco Studio\\tools\\node' } ]
[2026-05-21T16:29:42.061] [DEBUG] debug-file - entry : default@PreBuild cost memory -1.6274032592773438
[2026-05-21T16:29:42.062] [DEBUG] debug-file - runTaskFromQueue task cost before running: 14 s 481 ms 
[2026-05-21T16:29:42.066] [INFO] debug-file - Finished :entry:default@PreBuild... after 554 ms 
[2026-05-21T16:29:42.072] [DEBUG] debug-file - Executing task :entry:default@CreateModuleInfo
[2026-05-21T16:29:42.073] [DEBUG] debug-file - Task 'entry:default@CreateModuleInfo' cost while wrapping incremental declarations: 1 ms 
[2026-05-21T16:29:42.075] [DEBUG] debug-file - entry : default@CreateModuleInfo cost memory 0.04327392578125
[2026-05-21T16:29:42.076] [DEBUG] debug-file - runTaskFromQueue task cost before running: 14 s 494 ms 
[2026-05-21T16:29:42.076] [INFO] debug-file - Finished :entry:default@CreateModuleInfo... after 4 ms 
[2026-05-21T16:29:42.080] [DEBUG] debug-file - Executing task :entry:default@GenerateMetadata
[2026-05-21T16:29:42.082] [DEBUG] debug-file - Task 'entry:default@GenerateMetadata' cost while wrapping incremental declarations: 2 ms 
[2026-05-21T16:29:42.091] [DEBUG] debug-file - entry : default@GenerateMetadata cost memory 0.07553863525390625
[2026-05-21T16:29:42.091] [DEBUG] debug-file - runTaskFromQueue task cost before running: 14 s 510 ms 
[2026-05-21T16:29:42.092] [INFO] debug-file - Finished :entry:default@GenerateMetadata... after 12 ms 
[2026-05-21T16:29:42.096] [DEBUG] debug-file - Executing task :entry:default@ConfigureCmake
[2026-05-21T16:29:42.097] [DEBUG] debug-file - entry : default@ConfigureCmake cost memory 0.0145111083984375
[2026-05-21T16:29:42.097] [DEBUG] debug-file - runTaskFromQueue task cost before running: 14 s 516 ms 
[2026-05-21T16:29:42.098] [INFO] debug-file - Finished :entry:default@ConfigureCmake... after 2 ms 
[2026-05-21T16:29:42.105] [DEBUG] debug-file - Executing task :entry:default@MergeProfile
[2026-05-21T16:29:42.108] [DEBUG] debug-file - Task 'entry:default@MergeProfile' cost while wrapping incremental declarations: 1 ms 
[2026-05-21T16:29:42.112] [DEBUG] debug-file - Change app api release type with 'Release'
[2026-05-21T16:29:42.113] [DEBUG] debug-file - Change app compile API version with '6.1.0.105'
[2026-05-21T16:29:42.114] [DEBUG] debug-file - Change app target API version with '60002022'
[2026-05-21T16:29:42.114] [DEBUG] debug-file - Change app minimum API version with '50005017'
[2026-05-21T16:29:42.115] [DEBUG] debug-file - Use cli appEnvironment
[2026-05-21T16:29:42.122] [DEBUG] debug-file - entry : default@MergeProfile cost memory 0.38851165771484375
[2026-05-21T16:29:42.122] [DEBUG] debug-file - runTaskFromQueue task cost before running: 14 s 541 ms 
[2026-05-21T16:29:42.124] [INFO] debug-file - Finished :entry:default@MergeProfile... after 18 ms 
[2026-05-21T16:29:42.131] [DEBUG] debug-file - Executing task :entry:default@CreateBuildProfile
[2026-05-21T16:29:42.133] [DEBUG] debug-file - Task 'entry:default@CreateBuildProfile' cost while wrapping incremental declarations: 3 ms 
[2026-05-21T16:29:42.143] [DEBUG] debug-file - entry : default@CreateBuildProfile cost memory 0.08399200439453125
[2026-05-21T16:29:42.145] [DEBUG] debug-file - runTaskFromQueue task cost before running: 14 s 564 ms 
[2026-05-21T16:29:42.145] [INFO] debug-file - Finished :entry:default@CreateBuildProfile... after 14 ms 
[2026-05-21T16:29:42.153] [DEBUG] debug-file - Executing task :entry:default@PreCheckSyscap
[2026-05-21T16:29:42.154] [DEBUG] debug-file - entry : default@PreCheckSyscap cost memory 0.01474761962890625
[2026-05-21T16:29:42.154] [DEBUG] debug-file - runTaskFromQueue task cost before running: 14 s 573 ms 
[2026-05-21T16:29:42.155] [INFO] debug-file - Finished :entry:default@PreCheckSyscap... after 2 ms 
[2026-05-21T16:29:42.165] [DEBUG] debug-file - Executing task :entry:default@GeneratePkgContextInfo
[2026-05-21T16:29:42.183] [DEBUG] debug-file - Task 'entry:default@GeneratePkgContextInfo' cost while wrapping incremental declarations: 1 ms 
[2026-05-21T16:29:42.185] [DEBUG] debug-file - entry : default@GeneratePkgContextInfo cost memory 0.20854949951171875
[2026-05-21T16:29:42.185] [DEBUG] debug-file - runTaskFromQueue task cost before running: 14 s 604 ms 
[2026-05-21T16:29:42.186] [INFO] debug-file - Finished :entry:default@GeneratePkgContextInfo... after 20 ms 
[2026-05-21T16:29:42.191] [DEBUG] debug-file - Executing task :entry:default@GeneratePkgSdkInfo
[2026-05-21T16:29:42.199] [DEBUG] debug-file - Task 'entry:default@GeneratePkgSdkInfo' cost while wrapping incremental declarations: 1 ms 
[2026-05-21T16:29:42.203] [DEBUG] debug-file - entry : default@GeneratePkgSdkInfo cost memory 0.14023590087890625
[2026-05-21T16:29:42.203] [DEBUG] debug-file - runTaskFromQueue task cost before running: 14 s 622 ms 
[2026-05-21T16:29:42.205] [INFO] debug-file - Finished :entry:default@GeneratePkgSdkInfo... after 13 ms 
[2026-05-21T16:29:42.219] [DEBUG] debug-file - Executing task :entry:default@ProcessIntegratedHsp
[2026-05-21T16:29:42.221] [DEBUG] debug-file - entry : default@ProcessIntegratedHsp cost memory 0.03240966796875
[2026-05-21T16:29:42.221] [DEBUG] debug-file - runTaskFromQueue task cost before running: 14 s 640 ms 
[2026-05-21T16:29:42.222] [INFO] debug-file - Finished :entry:default@ProcessIntegratedHsp... after 2 ms 
[2026-05-21T16:29:42.228] [DEBUG] debug-file - Executing task :entry:default@BuildNativeWithCmake
[2026-05-21T16:29:42.229] [DEBUG] debug-file - entry : default@BuildNativeWithCmake cost memory 0.015167236328125
[2026-05-21T16:29:42.230] [DEBUG] debug-file - runTaskFromQueue task cost before running: 14 s 649 ms 
[2026-05-21T16:29:42.231] [INFO] debug-file - Finished :entry:default@BuildNativeWithCmake... after 2 ms 
[2026-05-21T16:29:42.235] [DEBUG] debug-file - Executing task :entry:default@MakePackInfo
[2026-05-21T16:29:42.240] [DEBUG] debug-file - Module Pack Info:  {
  summary: {
    app: { bundleName: 'c***a', bundleType: 'app', version: [Object] },
    modules: [ [Object] ]
  },
  packages: [
    {
      deviceType: [Array],
      moduleType: 'entry',
      deliveryWithInstall: true,
      name: 'entry-default'
    }
  ]
}
[2026-05-21T16:29:42.245] [DEBUG] debug-file - entry : default@MakePackInfo cost memory 0.11489105224609375
[2026-05-21T16:29:42.245] [DEBUG] debug-file - runTaskFromQueue task cost before running: 14 s 664 ms 
[2026-05-21T16:29:42.246] [INFO] debug-file - Finished :entry:default@MakePackInfo... after 10 ms 
[2026-05-21T16:29:42.252] [DEBUG] debug-file - Executing task :entry:default@SyscapTransform
[2026-05-21T16:29:42.253] [DEBUG] debug-file - File: 'C:\Users\huawei\Downloads\Compressed\PageAndData-master-PageAndData04\PageAndData04\04_Complete\entry\src\main\syscap.json' from 'sysCapJsonPath' is not exists, just ignore.
[2026-05-21T16:29:42.257] [DEBUG] debug-file - Task 'entry:default@SyscapTransform' cost while wrapping incremental declarations: 5 ms 
[2026-05-21T16:29:42.260] [DEBUG] debug-file - entry : default@SyscapTransform cost memory 0.28704833984375
[2026-05-21T16:29:42.261] [DEBUG] debug-file - runTaskFromQueue task cost before running: 14 s 680 ms 
[2026-05-21T16:29:42.261] [INFO] debug-file - Finished :entry:default@SyscapTransform... after 9 ms 
[2026-05-21T16:29:42.267] [DEBUG] debug-file - Executing task :entry:default@ProcessProfile
[2026-05-21T16:29:42.271] [DEBUG] debug-file - Task 'entry:default@ProcessProfile' cost while wrapping incremental declarations: 1 ms 
[2026-05-21T16:29:42.284] [DEBUG] debug-file - [
  'D:\\DevEco Studio\\tools\\node\\node.exe',
  'D:\\DevEco Studio\\sdk\\default\\openharmony\\ets\\build-tools\\ets-loader\\bin\\ark\\ts2abc.js',
  '--target-api-version',
  '17'
]
[2026-05-21T16:29:42.458] [DEBUG] debug-file - 12.0.6.0
[2026-05-21T16:29:42.465] [DEBUG] debug-file - No need to add fake ui ability because of not in preview process.
[2026-05-21T16:29:42.473] [DEBUG] debug-file - entry : default@ProcessProfile cost memory 1.6050186157226562
[2026-05-21T16:29:42.474] [DEBUG] debug-file - runTaskFromQueue task cost before running: 14 s 893 ms 
[2026-05-21T16:29:42.477] [INFO] debug-file - Finished :entry:default@ProcessProfile... after 207 ms 
[2026-05-21T16:29:42.487] [DEBUG] debug-file - Executing task :entry:default@ProcessRouterMap
[2026-05-21T16:29:42.525] [DEBUG] debug-file - entry : default@ProcessRouterMap cost memory 0.2233428955078125
[2026-05-21T16:29:42.526] [DEBUG] debug-file - runTaskFromQueue task cost before running: 14 s 945 ms 
[2026-05-21T16:29:42.530] [INFO] debug-file - Finished :entry:default@ProcessRouterMap... after 42 ms 
[2026-05-21T16:29:42.535] [DEBUG] debug-file - Executing task :entry:default@ProcessShareConfig
[2026-05-21T16:29:42.545] [DEBUG] debug-file - entry : default@ProcessShareConfig cost memory 0.0832977294921875
[2026-05-21T16:29:42.546] [DEBUG] debug-file - runTaskFromQueue task cost before running: 14 s 965 ms 
[2026-05-21T16:29:42.551] [INFO] debug-file - Finished :entry:default@ProcessShareConfig... after 11 ms 
[2026-05-21T16:29:42.556] [DEBUG] debug-file - Executing task :entry:default@ProcessStartupConfig
[2026-05-21T16:29:42.557] [DEBUG] debug-file - Task 'entry:default@ProcessStartupConfig' cost while wrapping incremental declarations: 1 ms 
[2026-05-21T16:29:42.560] [DEBUG] debug-file - entry : default@ProcessStartupConfig cost memory 0.073577880859375
[2026-05-21T16:29:42.560] [DEBUG] debug-file - runTaskFromQueue task cost before running: 14 s 979 ms 
[2026-05-21T16:29:42.561] [INFO] debug-file - Finished :entry:default@ProcessStartupConfig... after 4 ms 
[2026-05-21T16:29:42.563] [DEBUG] debug-file - Executing task :entry:default@BuildNativeWithNinja
[2026-05-21T16:29:42.568] [DEBUG] debug-file - entry : default@BuildNativeWithNinja cost memory 0.03125762939453125
[2026-05-21T16:29:42.569] [DEBUG] debug-file - runTaskFromQueue task cost before running: 14 s 988 ms 
[2026-05-21T16:29:42.569] [INFO] debug-file - Finished :entry:default@BuildNativeWithNinja... after 6 ms 
[2026-05-21T16:29:42.574] [DEBUG] debug-file - restool module names: entry; moduleName=entry, taskName=default@ProcessResource
[2026-05-21T16:29:42.582] [DEBUG] debug-file - Executing task :entry:default@ProcessResource
[2026-05-21T16:29:42.583] [DEBUG] debug-file - Task 'entry:default@ProcessResource' cost while wrapping incremental declarations: 1 ms 
[2026-05-21T16:29:42.592] [DEBUG] debug-file - entry : default@ProcessResource cost memory 0.33646392822265625
[2026-05-21T16:29:42.596] [DEBUG] debug-file - runTaskFromQueue task cost before running: 15 s 15 ms 
[2026-05-21T16:29:42.603] [INFO] debug-file - Finished :entry:default@ProcessResource... after 15 ms 
[2026-05-21T16:29:42.612] [DEBUG] debug-file - Executing task :entry:default@GenerateLoaderJson
[2026-05-21T16:29:42.615] [DEBUG] debug-file - Task 'entry:default@GenerateLoaderJson' cost while wrapping incremental declarations: 1 ms 
[2026-05-21T16:29:42.652] [DEBUG] debug-file - entry : default@GenerateLoaderJson cost memory 1.0087127685546875
[2026-05-21T16:29:42.653] [DEBUG] debug-file - runTaskFromQueue task cost before running: 15 s 72 ms 
[2026-05-21T16:29:42.662] [INFO] debug-file - Finished :entry:default@GenerateLoaderJson... after 41 ms 
[2026-05-21T16:29:42.666] [DEBUG] debug-file - Executing task :entry:default@ProcessLibs
[2026-05-21T16:29:42.684] [DEBUG] debug-file - Worker dispatch failed, running processLibs on main thread.
[2026-05-21T16:29:42.689] [DEBUG] debug-file - entry : default@ProcessLibs cost memory 0.35398101806640625
[2026-05-21T16:29:42.689] [DEBUG] debug-file - runTaskFromQueue task cost before running: 15 s 108 ms 
[2026-05-21T16:29:42.692] [INFO] debug-file - Finished :entry:default@ProcessLibs... after 24 ms 
[2026-05-21T16:29:42.697] [DEBUG] debug-file - restool module names: entry; moduleName=entry, taskName=default@CompileResource
[2026-05-21T16:29:42.700] [DEBUG] debug-file - Executing task :entry:default@CompileResource
[2026-05-21T16:29:42.720] [DEBUG] debug-file - Use tool [D:\DevEco Studio\sdk\default\openharmony\toolchains\restool.exe]
 [
  'D:\\DevEco Studio\\sdk\\default\\openharmony\\toolchains\\restool.exe',
  '-l',
  'C:\\Users\\huawei\\Downloads\\Compressed\\PageAndData-master-PageAndData04\\PageAndData04\\04_Complete\\entry\\build\\default\\intermediates\\res\\default\\resConfig.json'
]
[2026-05-21T16:29:42.723] [DEBUG] debug-file - current process  memoryUsage: {
  rss: 242454528,
  heapTotal: 162902016,
  heapUsed: 136903952,
  external: 3098619,
  arrayBuffers: 296026
} os memoryUsage :13.497528076171875
[2026-05-21T16:29:42.831] [DEBUG] debug-file - Info: Pack: normal pack mode

[2026-05-21T16:29:42.890] [DEBUG] debug-file - Info: hardware concurrency count is : 12
Info: thread count is : 12

[2026-05-21T16:29:42.891] [DEBUG] debug-file - Info: thread pool is started
Info: GenericCompiler::CompileFiles

[2026-05-21T16:29:42.901] [DEBUG] debug-file - Info: GenericCompiler::CompileFiles

[2026-05-21T16:29:42.929] [DEBUG] debug-file - Info: GenericCompiler::CompileFiles

[2026-05-21T16:29:42.963] [DEBUG] debug-file - 05-21 16:29:42.938 13308 19008 E C01400/ImageTranscoderUtils: DecodeToRGBA IN
05-21 16:29:42.938 13308 19008 E C01400/ImageTranscoderUtils: ImageFilter IN C:\Users\huawei\Downloads\Compressed\PageAndData-master-PageAndData04\PageAndData04\04_Complete\AppScope\resources\base\media\app_icon.png
05-21 16:29:42.943 13308 19008 E C01400/ImageTranscoder: TranscodeSLR Only zoom-out is supported.
Warning: ScaleImage failed, error message: INVALID_PARAMETERS, file path = C:\Users\huawei\Downloads\Compressed\PageAndData-master-PageAndData04\PageAndData04\04_Complete\AppScope\resources\base\media\app_icon.png
05-21 16:29:42.944 13308 19008 E C01400/ImageTranscoderUtils: DecodeToRGBA IN
05-21 16:29:42.944 13308 19008 E C01400/ImageTranscoderUtils: ImageFilter IN C:\Users\huawei\Downloads\Compressed\PageAndData-master-PageAndData04\PageAndData04\04_Complete\entry\src\main\resources\base\media\startIcon.png
05-21 16:29:42.945 13308 19008 E C01400/ImageTranscoder: TranscodeSLR Only zoom-out is supported.
Warning: ScaleImage failed, error message: INVALID_PARAMETERS, file path = C:\Users\huawei\Downloads\Compressed\PageAndData-master-PageAndData04\PageAndData04\04_Complete\entry\src\main\resources\base\media\startIcon.png
Warning: The width or height of the png file referenced by the icon exceeds the limit (41 pixels)
at C:\Users\huawei\Downloads\Compressed\PageAndData-master-PageAndData04\PageAndData04\04_Complete\AppScope\resources\base\media\app_icon.png
Warning: The width or height of the png file referenced by the icon exceeds the limit (41 pixels)
at C:\Users\huawei\Downloads\Compressed\PageAndData-master-PageAndData04\PageAndData04\04_Complete\entry\src\main\resources\base\media\startIcon.png
Info: restool resources compile success.
Info: thread pool is stopped

[2026-05-21T16:29:43.037] [DEBUG] debug-file - entry : default@CompileResource cost memory 0.9438934326171875
[2026-05-21T16:29:43.037] [DEBUG] debug-file - runTaskFromQueue task cost before running: 15 s 456 ms 
[2026-05-21T16:29:43.041] [INFO] debug-file - Finished :entry:default@CompileResource... after 338 ms 
[2026-05-21T16:29:43.050] [DEBUG] debug-file - Executing task :entry:default@DoNativeStrip
[2026-05-21T16:29:43.051] [DEBUG] debug-file - File: 'C:\Users\huawei\Downloads\Compressed\PageAndData-master-PageAndData04\PageAndData04\04_Complete\entry\build\default\intermediates\binxo\default' from 'doBinxoNativeLibs' is not exists, just ignore.
[2026-05-21T16:29:43.052] [DEBUG] debug-file - Task 'entry:default@DoNativeStrip' cost while wrapping incremental declarations: 2 ms 
[2026-05-21T16:29:43.063] [DEBUG] debug-file - entry : default@DoNativeStrip cost memory 0.087921142578125
[2026-05-21T16:29:43.063] [DEBUG] debug-file - runTaskFromQueue task cost before running: 15 s 482 ms 
[2026-05-21T16:29:43.064] [INFO] debug-file - Finished :entry:default@DoNativeStrip... after 14 ms 
[2026-05-21T16:29:43.110] [DEBUG] debug-file - Executing task :entry:default@CompileArkTS
[2026-05-21T16:29:43.141] [DEBUG] debug-file - obfuscationOptions: undefined
[2026-05-21T16:29:43.169] [DEBUG] debug-file - Task 'entry:default@CompileArkTS' cost while wrapping incremental declarations: 1 ms 
[2026-05-21T16:29:43.447] [DEBUG] debug-file - build config:
[2026-05-21T16:29:43.448] [DEBUG] debug-file - {
  moduleType: 'entry',
  perf: 0,
  targetName: '.default',
  packageManagerType: 'ohpm',
  localPropertiesPath: 'C:\\Users\\huawei\\Downloads\\Compressed\\PageAndData-master-PageAndData04\\PageAndData04\\04_Complete\\local.properties',
  isPreview: false,
  isOhosTest: false,
  isLocalTest: false,
  buildMode: 'Debug',
  hotReloadBuild: undefined,
  watchMode: 'false',
  aceProfilePath: 'C:\\Users\\huawei\\Downloads\\Compressed\\PageAndData-master-PageAndData04\\PageAndData04\\04_Complete\\entry\\build\\default\\intermediates\\res\\default\\resources\\base\\profile',
  etsLoaderPath: 'D:\\DevEco Studio\\sdk\\default\\openharmony\\ets\\build-tools\\ets-loader',
  modulePath: 'C:\\Users\\huawei\\Downloads\\Compressed\\PageAndData-master-PageAndData04\\PageAndData04\\04_Complete\\entry',
  testFrameworkPar: {
    testMode: undefined,
    coveragePathFilter: undefined,
    coverageMode: undefined
  },
  needCoverageInsert: false,
  debugLine: false,
  projectTopDir: 'C:\\Users\\huawei\\Downloads\\Compressed\\PageAndData-master-PageAndData04\\PageAndData04\\04_Complete',
  compileSdkVersion: 23,
  compatibleSdkVersion: 17,
  originCompatibleSdkVersion: '5.0.5(17)',
  compatibleSdkVersionStage: undefined,
  bundleName: 'c***a',
  etsLoaderVersion: '6.1.0.105',
  etsLoaderReleaseType: 'Release',
  aotCompileMode: 'type',
  apPath: 'C:\\Users\\huawei\\Downloads\\Compressed\\PageAndData-master-PageAndData04\\PageAndData04\\04_Complete\\entry\\modules.ap',
  entryModuleName: 'entry',
  entryModuleVersion: '1.0.0',
  entryPackageName: 'entry',
  allModuleNameHash: '2647f1ae7212586c1b442721187bea770af6b324c1b1827496050db9f97f9417',
  externalApiPaths: [ 'D:\\DevEco Studio\\sdk\\default\\hms\\ets' ],
  compilerTypes: [],
  isCrossplatform: false,
  hvigorPluginFile: undefined,
  compilePluginPath: undefined,
  buildGeneratedProfilePath: 'C:\\Users\\huawei\\Downloads\\Compressed\\PageAndData-master-PageAndData04\\PageAndData04\\04_Complete\\entry\\build\\default\\generated\\profile\\default',
  bundleType: 'app',
  arkTSVersion: undefined,
  apiVersion: 23,
  needCompleteSourcesMap: false,
  isFaMode: false,
  buildDir: 'C:\\Users\\huawei\\Downloads\\Compressed\\PageAndData-master-PageAndData04\\PageAndData04\\04_Complete\\entry\\build',
  deviceTypes: [ 'phone' ],
  pkgContextInfo: undefined,
  ohPackagePathMap: {},
  dependencyAliasMap: {},
  permission: {
    requestPermissions: [ [Object], [Object] ],
    definePermissions: undefined
  },
  useGetCurrentBundleName: false,
  projectArkOption: undefined,
  sourceMapDir: undefined,
  branchElimination: false,
  transformLib: undefined,
  tsImportSendable: false,
  resolveConflictMode: true,
  depName2RootPath: {},
  depName2DepInfo: {},
  depName2OhExports: {},
  rootPathSet: [
    'C:\\Users\\huawei\\Downloads\\Compressed\\PageAndData-master-PageAndData04\\PageAndData04\\04_Complete'
  ],
  useNativeResolver: true,
  shouldEmitJs: true,
  useTscResolve: false,
  singleFileEmit: false,
  userProjectConfig: {
    autoLazyImport: false,
    allowEmptyBundleName: false,
    reExportCheckMode: 'noCheck',
    executionMode: 'memory',
    usePathPlaceholder: false,
    writeRollupCache: true,
    isExpandImportEnabled: false,
    expandImportExclude: '',
    lazyImportExclude: '',
    lazyImportInclude: '',
    ignoreCrossplatformCheck: false,
    isHarDeduplicateEnabled: false,
    skipOhModulesLint: false,
    enableStrictCheckOHModule: false,
    disableSendableCheckRules: [],
    useDeclarationFileSignature: false,
    customizedOptions: undefined,
    integratedHsp: false,
    isPreloadSoEnabled: false
  },
  executionMode: 'memory',
  arkCompileCachePath: 'C:\\Users\\huawei\\Downloads\\Compressed\\PageAndData-master-PageAndData04\\PageAndData04\\04_Complete\\entry\\build\\default\\cache\\default\\default@CompileArkTS\\esmodule',
  autoLazyFilter: undefined,
  isHarDeduplicateEnabled: false,
  intermediateHarDuplicateDirPath: 'C:\\Users\\huawei\\Downloads\\Compressed\\PageAndData-master-PageAndData04\\PageAndData04\\04_Complete\\entry\\build\\default\\intermediates\\har_duplicate\\default',
  autoLazyImport: false,
  allowEmptyBundleName: false,
  reExportCheckMode: 'noCheck',
  usePathPlaceholder: false,
  writeRollupCache: true,
  isExpandImportEnabled: false,
  expandImportExclude: '',
  lazyImportExclude: '',
  lazyImportInclude: '',
  ignoreCrossplatformCheck: false,
  skipOhModulesLint: false,
  enableStrictCheckOHModule: false,
  disableSendableCheckRules: [],
  useDeclarationFileSignature: false,
  customizedOptions: undefined,
  integratedHsp: false,
  isPreloadSoEnabled: false,
  strictMode: undefined,
  useNormalizedOHMUrl: false,
  caseSensitiveCheck: false,
  aceModuleJsonPath: 'C:\\Users\\huawei\\Downloads\\Compressed\\PageAndData-master-PageAndData04\\PageAndData04\\04_Complete\\entry\\build\\default\\intermediates\\res\\default\\ark_module.json',
  appResource: 'C:\\Users\\huawei\\Downloads\\Compressed\\PageAndData-master-PageAndData04\\PageAndData04\\04_Complete\\entry\\build\\default\\intermediates\\res\\default\\ResourceTable.txt',
  rawFileResource: 'C:\\Users\\huawei\\Downloads\\Compressed\\PageAndData-master-PageAndData04\\PageAndData04\\04_Complete\\entry\\build\\default\\intermediates\\res\\default\\resources\\rawfile',
  resourceTableHash: '96019776952d892fdd8a13d9cc87e533ffbd7e19e651cdb2a9d2bbcf84ff8666',
  runtimeOS: 'HarmonyOS',
  sdkInfo: 'false:23:6.1.0.105:Release',
  aceModuleRoot: 'C:\\Users\\huawei\\Downloads\\Compressed\\PageAndData-master-PageAndData04\\PageAndData04\\04_Complete\\entry\\src\\main\\ets',
  compileMode: 'esmodule',
  aceSuperVisualPath: 'C:\\Users\\huawei\\Downloads\\Compressed\\PageAndData-master-PageAndData04\\PageAndData04\\04_Complete\\entry\\src\\main\\supervisual',
  aceBuildJson: 'C:\\Users\\huawei\\Downloads\\Compressed\\PageAndData-master-PageAndData04\\PageAndData04\\04_Complete\\entry\\build\\default\\intermediates\\loader\\default\\loader.json',
  cachePath: 'C:\\Users\\huawei\\Downloads\\Compressed\\PageAndData-master-PageAndData04\\PageAndData04\\04_Complete\\entry\\build\\default\\cache\\default\\default@CompileArkTS\\esmodule\\debug',
  aceModuleBuild: 'C:\\Users\\huawei\\Downloads\\Compressed\\PageAndData-master-PageAndData04\\PageAndData04\\04_Complete\\entry\\build\\default\\intermediates\\loader_out\\default\\ets',
  supportChunks: true,
  declaredFilesPath: undefined,
  shouldCollectDirectImportees: false,
  isByteCodeHarOptimize: false,
  expandImportPath: undefined,
  resourceTableTs: 'C:\\Users\\huawei\\Downloads\\Compressed\\PageAndData-master-PageAndData04\\PageAndData04\\04_Complete\\entry\\build\\default\\generated\\r\\default\\ResourceTable.ts',
  moduleMetaInfoFiles: [
    {
      filePath: 'C:\\Users\\huawei\\Downloads\\Compressed\\PageAndData-master-PageAndData04\\PageAndData04\\04_Complete\\entry\\build\\default\\generated\\r\\default\\ResourceTable.ts',
      ohmurl: 'com.example.pageanddata/entry/build/generated/r/ResourceTable'
    }
  ],
  pkgNameToPkgBriefInfo: {
    entry: {
      pkgRoot: 'C:\\Users\\huawei\\Downloads\\Compressed\\PageAndData-master-PageAndData04\\PageAndData04\\04_Complete\\entry',
      originalSourceRoots: undefined,
      sourceRoots: [Array],
      pkgName: 'entry'
    }
  },
  projectModel: {
    'C:\\Users\\huawei\\Downloads\\Compressed\\PageAndData-master-PageAndData04\\PageAndData04\\04_Complete\\entry\\src\\main': {
      moduleName: 'entry',
      modulePkgPath: 'C:\\Users\\huawei\\Downloads\\Compressed\\PageAndData-master-PageAndData04\\PageAndData04\\04_Complete\\entry',
      belongProjectPath: 'C:\\Users\\huawei\\Downloads\\Compressed\\PageAndData-master-PageAndData04\\PageAndData04\\04_Complete'
    },
    'C:\\Users\\huawei\\Downloads\\Compressed\\PageAndData-master-PageAndData04\\PageAndData04\\04_Complete\\entry\\.test\\default\\intermediates\\src\\ohosTest\\ets': {
      moduleName: 'entry',
      modulePkgPath: 'C:\\Users\\huawei\\Downloads\\Compressed\\PageAndData-master-PageAndData04\\PageAndData04\\04_Complete\\entry',
      belongProjectPath: 'C:\\Users\\huawei\\Downloads\\Compressed\\PageAndData-master-PageAndData04\\PageAndData04\\04_Complete'
    },
    'C:\\Users\\huawei\\Downloads\\Compressed\\PageAndData-master-PageAndData04\\PageAndData04\\04_Complete\\entry\\src\\ohosTest': {
      moduleName: 'entry',
      modulePkgPath: 'C:\\Users\\huawei\\Downloads\\Compressed\\PageAndData-master-PageAndData04\\PageAndData04\\04_Complete\\entry',
      belongProjectPath: 'C:\\Users\\huawei\\Downloads\\Compressed\\PageAndData-master-PageAndData04\\PageAndData04\\04_Complete'
    },
    'C:\\Users\\huawei\\Downloads\\Compressed\\PageAndData-master-PageAndData04\\PageAndData04\\04_Complete\\entry': {
      moduleName: 'entry',
      modulePkgPath: 'C:\\Users\\huawei\\Downloads\\Compressed\\PageAndData-master-PageAndData04\\PageAndData04\\04_Complete\\entry',
      belongProjectPath: 'C:\\Users\\huawei\\Downloads\\Compressed\\PageAndData-master-PageAndData04\\PageAndData04\\04_Complete'
    },
    'C:\\Users\\huawei\\Downloads\\Compressed\\PageAndData-master-PageAndData04\\PageAndData04\\04_Complete': {
      moduleName: '04_Complete',
      modulePkgPath: 'C:\\Users\\huawei\\Downloads\\Compressed\\PageAndData-master-PageAndData04\\PageAndData04\\04_Complete',
      belongProjectPath: 'C:\\Users\\huawei\\Downloads\\Compressed\\PageAndData-master-PageAndData04\\PageAndData04\\04_Complete'
    }
  },
  pkgJsonFileHash: '99b9c10537b1adc4e77972e05cc305370c9176e50d92c5194cd08a1642f4c3bd',
  allModulePaths: [
    'C:\\Users\\huawei\\Downloads\\Compressed\\PageAndData-master-PageAndData04\\PageAndData04\\04_Complete\\entry'
  ],
  routerMap: {},
  obfuscationOptions: undefined,
  byteCodeHarToDependencyKeys: undefined,
  compileBlockPkg: [],
  mockParams: {
    decorator: '@MockSetup',
    packageName: '@ohos/hamock',
    etsSourceRootPath: 'src/main/ets',
    mockConfigPath: undefined,
    mockConfigKey2ModuleInfo: {},
    source2ModuleIdMap: {}
  },
  copyCodeResourceEnable: true,
  copyCodeResourceExcludes: [],
  copyCodeResourceIncludes: undefined,
  uiTransformOptimization: false,
  sdkPath: 'D:/DevEco Studio/sdk',
  needPreloadSoFileSet: {},
  preloadSoFilePath: 'C:\\Users\\huawei\\Downloads\\Compressed\\PageAndData-master-PageAndData04\\PageAndData04\\04_Complete\\entry\\build\\default\\intermediates\\preload\\default\\preload.json',
  useSourceHash: false,
  localModuleParamMap: {},
  otherPaths: {
    'entry/*': [
      '..\\*',
      '..\\..\\..\\build\\default\\generated\\profile\\default\\*'
    ]
  },
  collectImportersConfig: undefined
}
[2026-05-21T16:29:43.451] [DEBUG] debug-file - Compile arkts with external api path: D:\DevEco Studio\sdk\default\hms\ets
[2026-05-21T16:29:43.552] [DEBUG] debug-file - default@CompileArkTS work[0] is submitted.
[2026-05-21T16:29:43.553] [DEBUG] debug-file - default@CompileArkTS work[0] is pushed to ready queue.
[2026-05-21T16:29:43.556] [DEBUG] debug-file - A work dispatched to worker[11] failed because unable to get work from ready queue.
[2026-05-21T16:29:43.556] [DEBUG] debug-file - A work dispatched to worker[10] failed because unable to get work from ready queue.
[2026-05-21T16:29:43.556] [DEBUG] debug-file - A work dispatched to worker[9] failed because unable to get work from ready queue.
[2026-05-21T16:29:43.556] [DEBUG] debug-file - A work dispatched to worker[8] failed because unable to get work from ready queue.
[2026-05-21T16:29:43.556] [DEBUG] debug-file - A work dispatched to worker[7] failed because unable to get work from ready queue.
[2026-05-21T16:29:43.557] [DEBUG] debug-file - A work dispatched to worker[6] failed because unable to get work from ready queue.
[2026-05-21T16:29:43.557] [DEBUG] debug-file - A work dispatched to worker[5] failed because unable to get work from ready queue.
[2026-05-21T16:29:43.560] [DEBUG] debug-file - Create  resident worker with id: 4.
[2026-05-21T16:29:43.569] [DEBUG] debug-file - default@CompileArkTS work[0] has been dispatched to worker[4].
[2026-05-21T16:29:43.576] [DEBUG] debug-file - default@CompileArkTS work[0] is dispatched.
[2026-05-21T16:29:43.577] [DEBUG] debug-file - CopyResources startTime: 509635723131500
[2026-05-21T16:29:43.578] [DEBUG] debug-file - default@CompileArkTS work[1] is submitted.
[2026-05-21T16:29:43.582] [DEBUG] debug-file - default@CompileArkTS work[1] is pushed to ready queue.
[2026-05-21T16:29:43.582] [DEBUG] debug-file - A work dispatched to worker[11] failed because unable to get work from ready queue.
[2026-05-21T16:29:43.582] [DEBUG] debug-file - Create  resident worker with id: 10.
[2026-05-21T16:29:43.588] [DEBUG] debug-file - default@CompileArkTS work[1] has been dispatched to worker[10].
[2026-05-21T16:29:43.588] [DEBUG] debug-file - default@CompileArkTS work[1] is dispatched.
[2026-05-21T16:29:43.588] [DEBUG] debug-file - entry : default@CompileArkTS cost memory 2.3082504272460938
[2026-05-21T16:29:43.601] [DEBUG] debug-file - Executing task :entry:default@BuildJS
[2026-05-21T16:29:43.602] [DEBUG] debug-file - Task 'entry:default@BuildJS' cost while wrapping incremental declarations: 1 ms 
[2026-05-21T16:29:43.627] [DEBUG] debug-file - entry : default@BuildJS cost memory 0.183349609375
[2026-05-21T16:29:43.627] [DEBUG] debug-file - runTaskFromQueue task cost before running: 16 s 46 ms 
[2026-05-21T16:29:43.628] [INFO] debug-file - Finished :entry:default@BuildJS... after 26 ms 
[2026-05-21T16:29:43.639] [DEBUG] debug-file - Executing task :entry:default@CacheNativeLibs
[2026-05-21T16:29:43.642] [DEBUG] debug-file - File: 'C:\Users\huawei\Downloads\Compressed\PageAndData-master-PageAndData04\PageAndData04\04_Complete\entry\build\default\intermediates\binxo\default' from 'cacheBinxoNativeLibs' is not exists, just ignore.
[2026-05-21T16:29:43.644] [DEBUG] debug-file - Task 'entry:default@CacheNativeLibs' cost while wrapping incremental declarations: 5 ms 
[2026-05-21T16:29:43.646] [DEBUG] debug-file - default@CacheNativeLibs work[2] is submitted.
[2026-05-21T16:29:43.648] [DEBUG] debug-file - default@CacheNativeLibs work[2] is pushed to ready queue.
[2026-05-21T16:29:43.648] [DEBUG] debug-file - A work dispatched to worker[11] failed because unable to get work from ready queue.
[2026-05-21T16:29:43.648] [DEBUG] debug-file - A work dispatched to worker[10] failed because of worker busy.
[2026-05-21T16:29:43.648] [DEBUG] debug-file - Create  resident worker with id: 9.
[2026-05-21T16:29:43.652] [DEBUG] debug-file - default@CacheNativeLibs work[2] has been dispatched to worker[9].
[2026-05-21T16:29:43.653] [DEBUG] debug-file - default@CacheNativeLibs work[2] is dispatched.
[2026-05-21T16:29:43.653] [DEBUG] debug-file - entry : default@CacheNativeLibs cost memory 0.1765594482421875
[2026-05-21T16:29:51.740] [DEBUG] debug-file - worker[10] has one work done.
[2026-05-21T16:29:51.741] [DEBUG] debug-file - CopyResources is end, endTime: 509643887152100
[2026-05-21T16:29:51.777] [DEBUG] debug-file - default@CompileArkTS work[1] done.
[2026-05-21T16:29:51.779] [DEBUG] debug-file - A work dispatched to worker[10] failed because unable to get work from ready queue.
[2026-05-21T16:29:53.640] [DEBUG] debug-file - worker[9] has one work done.
[2026-05-21T16:29:53.642] [DEBUG] debug-file - default@CacheNativeLibs work[2] done.
[2026-05-21T16:29:53.642] [DEBUG] debug-file - A work dispatched to worker[9] failed because unable to get work from ready queue.
[2026-05-21T16:29:53.649] [INFO] debug-file - Finished :entry:default@CacheNativeLibs... after 168 ms 
[2026-05-21T16:30:48.258] [DEBUG] debug-file - worker[4] has one work done.
[2026-05-21T16:30:48.259] [DEBUG] debug-file - Ark compile task finished.finished time is 509700402818000
[2026-05-21T16:30:48.264] [DEBUG] debug-file - default@CompileArkTS work[0] done.
[2026-05-21T16:30:48.266] [INFO] debug-file - Finished :entry:default@CompileArkTS... after 40 s 661 ms 
[2026-05-21T16:30:48.269] [DEBUG] debug-file - Executing task :entry:default@GeneratePkgModuleJson
[2026-05-21T16:30:48.269] [DEBUG] debug-file - File: 'C:\Users\huawei\Downloads\Compressed\PageAndData-master-PageAndData04\PageAndData04\04_Complete\entry\build\default\intermediates\preload\default\preload.json' from 'preloadSoJsonPath' is not exists, just ignore.
[2026-05-21T16:30:48.270] [DEBUG] debug-file - Error occurs while handling @Input 'shouldDeduplicateHar': The "data" argument must be of type string or an instance of Buffer, TypedArray, or DataView. Received undefined
[2026-05-21T16:30:48.270] [DEBUG] debug-file - Task 'entry:default@GeneratePkgModuleJson' cost while wrapping incremental declarations: 2 ms 
[2026-05-21T16:30:48.275] [DEBUG] debug-file - entry : default@GeneratePkgModuleJson cost memory 0.18254852294921875
[2026-05-21T16:30:48.275] [DEBUG] debug-file - runTaskFromQueue task cost before running: 1 min 20 s 693 ms 
[2026-05-21T16:30:48.275] [INFO] debug-file - Finished :entry:default@GeneratePkgModuleJson... after 7 ms 
[2026-05-21T16:30:48.277] [DEBUG] debug-file - Executing task :entry:default@ProcessCompiledResources
[2026-05-21T16:30:48.277] [DEBUG] debug-file - File: 'C:\Users\huawei\Downloads\Compressed\PageAndData-master-PageAndData04\PageAndData04\04_Complete\entry\build\default\intermediates\preload\default\preload.json' from 'preloadSoJsonPath' is not exists, just ignore.
[2026-05-21T16:30:48.277] [DEBUG] debug-file - Task 'entry:default@ProcessCompiledResources' cost while wrapping incremental declarations: 1 ms 
[2026-05-21T16:30:48.278] [DEBUG] debug-file - entry : default@ProcessCompiledResources cost memory 0.066375732421875
[2026-05-21T16:30:48.278] [DEBUG] debug-file - runTaskFromQueue task cost before running: 1 min 20 s 696 ms 
[2026-05-21T16:30:48.278] [INFO] debug-file - Finished :entry:default@ProcessCompiledResources... after 2 ms 
[2026-05-21T16:30:48.282] [DEBUG] debug-file - Executing task :entry:default@PackageHap
[2026-05-21T16:30:48.289] [DEBUG] debug-file - Use tool [D:\DevEco Studio\sdk\default\openharmony\toolchains\lib\app_packing_tool.jar]
 [
  'java',
  '-Dfile.encoding=GBK',
  '-jar',
  'D:\\DevEco Studio\\sdk\\default\\openharmony\\toolchains\\lib\\app_packing_tool.jar',
  '--mode',
  'hap',
  '--force',
  'true',
  '--lib-path',
  'C:\\Users\\huawei\\Downloads\\Compressed\\PageAndData-master-PageAndData04\\PageAndData04\\04_Complete\\entry\\build\\default\\intermediates\\stripped_native_libs\\default',
  '--json-path',
  'C:\\Users\\huawei\\Downloads\\Compressed\\PageAndData-master-PageAndData04\\PageAndData04\\04_Complete\\entry\\build\\default\\intermediates\\package\\default\\module.json',
  '--resources-path',
  'C:\\Users\\huawei\\Downloads\\Compressed\\PageAndData-master-PageAndData04\\PageAndData04\\04_Complete\\entry\\build\\default\\intermediates\\res\\default\\resources',
  '--index-path',
  'C:\\Users\\huawei\\Downloads\\Compressed\\PageAndData-master-PageAndData04\\PageAndData04\\04_Complete\\entry\\build\\default\\intermediates\\res\\default\\resources.index',
  '--pack-info-path',
  'C:\\Users\\huawei\\Downloads\\Compressed\\PageAndData-master-PageAndData04\\PageAndData04\\04_Complete\\entry\\build\\default\\outputs\\default\\pack.info',
  '--out-path',
  'C:\\Users\\huawei\\Downloads\\Compressed\\PageAndData-master-PageAndData04\\PageAndData04\\04_Complete\\entry\\build\\default\\outputs\\default\\entry-default-unsigned.hap',
  '--ets-path',
  'C:\\Users\\huawei\\Downloads\\Compressed\\PageAndData-master-PageAndData04\\PageAndData04\\04_Complete\\entry\\build\\default\\intermediates\\loader_out\\default\\ets',
  '--pkg-sdk-info-path',
  'C:\\Users\\huawei\\Downloads\\Compressed\\PageAndData-master-PageAndData04\\PageAndData04\\04_Complete\\entry\\build\\default\\intermediates\\loader\\default\\pkgSdkInfo.json'
]
[2026-05-21T16:30:48.290] [DEBUG] debug-file - default@PackageHap work[3] is submitted.
[2026-05-21T16:30:48.290] [DEBUG] debug-file - default@PackageHap work[3] is pushed to ready queue.
[2026-05-21T16:30:48.290] [DEBUG] debug-file - default@PackageHap work[3] is not dispatched.
[2026-05-21T16:30:48.295] [DEBUG] debug-file - entry : default@PackageHap cost memory 0.6262130737304688
[2026-05-21T16:30:48.379] [DEBUG] debug-file - default@PackageHap work[3] has been dispatched to worker[4].
[2026-05-21T16:30:48.384] [DEBUG] debug-file - current process  memoryUsage: {
  rss: 709750784,
  heapTotal: 360935424,
  heapUsed: 314785088,
  external: 6477739,
  arrayBuffers: 1763371
} os memoryUsage :14.876155853271484
[2026-05-21T16:30:48.395] [DEBUG] debug-file - A work dispatched to worker[11] failed because unable to get work from ready queue.
[2026-05-21T16:30:48.395] [DEBUG] debug-file - A work dispatched to worker[10] failed because unable to get work from ready queue.
[2026-05-21T16:30:48.395] [DEBUG] debug-file - A work dispatched to worker[9] failed because unable to get work from ready queue.
[2026-05-21T16:30:48.395] [DEBUG] debug-file - A work dispatched to worker[8] failed because unable to get work from ready queue.
[2026-05-21T16:30:48.395] [DEBUG] debug-file - A work dispatched to worker[7] failed because unable to get work from ready queue.
[2026-05-21T16:30:48.395] [DEBUG] debug-file - A work dispatched to worker[6] failed because unable to get work from ready queue.
[2026-05-21T16:30:48.395] [DEBUG] debug-file - A work dispatched to worker[5] failed because unable to get work from ready queue.
[2026-05-21T16:30:48.395] [DEBUG] debug-file - A work dispatched to worker[4] failed because of worker busy.
[2026-05-21T16:30:48.396] [DEBUG] debug-file - A work dispatched to worker[3] failed because unable to get work from ready queue.
[2026-05-21T16:30:48.396] [DEBUG] debug-file - A work dispatched to worker[2] failed because unable to get work from ready queue.
[2026-05-21T16:30:48.396] [DEBUG] debug-file - A work dispatched to worker[1] failed because unable to get work from ready queue.
[2026-05-21T16:30:48.396] [DEBUG] debug-file - A work dispatched to worker[0] failed because unable to get work from ready queue.
[2026-05-21T16:30:49.187] [DEBUG] debug-file - worker[4] has one work done.
[2026-05-21T16:30:49.187] [DEBUG] debug-file - default@PackageHap work[3] done.
[2026-05-21T16:30:49.189] [INFO] debug-file - Finished :entry:default@PackageHap... after 820 ms 
[2026-05-21T16:30:49.191] [DEBUG] debug-file - Executing task :entry:default@PackingCheck
[2026-05-21T16:30:49.208] [DEBUG] debug-file - entry : default@PackingCheck cost memory 0.5021743774414062
[2026-05-21T16:30:49.208] [DEBUG] debug-file - runTaskFromQueue task cost before running: 1 min 21 s 626 ms 
[2026-05-21T16:30:49.208] [INFO] debug-file - Finished :entry:default@PackingCheck... after 17 ms 
[2026-05-21T16:30:49.211] [DEBUG] debug-file - Executing task :entry:default@SignHap
[2026-05-21T16:30:49.212] [WARN] debug-file - Will skip sign 'hos_hap'. No signingConfigs profile is configured in current project.
             If needed, configure the signingConfigs in C:\Users\huawei\Downloads\Compressed\PageAndData-master-PageAndData04\PageAndData04\04_Complete\build-profile.json5.
[2026-05-21T16:30:49.218] [DEBUG] debug-file - entry : default@SignHap cost memory 0.05976104736328125
[2026-05-21T16:30:49.219] [DEBUG] debug-file - runTaskFromQueue task cost before running: 1 min 21 s 637 ms 
[2026-05-21T16:30:49.220] [INFO] debug-file - Finished :entry:default@SignHap... after 8 ms 
[2026-05-21T16:30:49.223] [DEBUG] debug-file - Executing task :entry:default@CollectDebugSymbol
[2026-05-21T16:30:49.225] [DEBUG] debug-file - entry : default@CollectDebugSymbol cost memory 0.12395477294921875
[2026-05-21T16:30:49.226] [DEBUG] debug-file - runTaskFromQueue task cost before running: 1 min 21 s 644 ms 
[2026-05-21T16:30:49.226] [INFO] debug-file - Finished :entry:default@CollectDebugSymbol... after 3 ms 
[2026-05-21T16:30:49.227] [DEBUG] debug-file - Executing task :entry:assembleHap
[2026-05-21T16:30:49.227] [DEBUG] debug-file - entry : assembleHap cost memory 0.0128326416015625
[2026-05-21T16:30:49.227] [DEBUG] debug-file - runTaskFromQueue task cost before running: 1 min 21 s 646 ms 
[2026-05-21T16:30:49.228] [INFO] debug-file - Finished :entry:assembleHap... after 1 ms 
[2026-05-21T16:30:49.243] [INFO] debug-file - BUILD SUCCESSFUL in 1 min 21 s 661 ms 
[2026-05-21T16:30:49.247] [DEBUG] debug-file - Update task entry:default@PreBuild input file:C:\Users\huawei\Downloads\Compressed\PageAndData-master-PageAndData04\PageAndData04\04_Complete\AppScope\app.json5 cache by regenerate.
[2026-05-21T16:30:49.250] [DEBUG] debug-file - Update task entry:default@PreBuild input file:C:\Users\huawei\Downloads\Compressed\PageAndData-master-PageAndData04\PageAndData04\04_Complete\entry\src\main\module.json5 cache by regenerate.
[2026-05-21T16:30:49.251] [DEBUG] debug-file - Update task entry:default@PreBuild input file:C:\Users\huawei\Downloads\Compressed\PageAndData-master-PageAndData04\PageAndData04\04_Complete\build-profile.json5 cache by regenerate.
[2026-05-21T16:30:49.251] [DEBUG] debug-file - Update task entry:default@PreBuild input file:C:\Users\huawei\Downloads\Compressed\PageAndData-master-PageAndData04\PageAndData04\04_Complete\entry\build-profile.json5 cache by regenerate.
[2026-05-21T16:30:49.252] [DEBUG] debug-file - Update task entry:default@PreBuild input file:C:\Users\huawei\Downloads\Compressed\PageAndData-master-PageAndData04\PageAndData04\04_Complete\entry\src\main\resources\base\profile\route_map.json cache by regenerate.
[2026-05-21T16:30:49.253] [DEBUG] debug-file - Update task entry:default@PreBuild input file:C:\Users\huawei\Downloads\Compressed\PageAndData-master-PageAndData04\PageAndData04\04_Complete\entry\src\main\resources\base\profile\main_pages.json cache by regenerate.
[2026-05-21T16:30:49.253] [DEBUG] debug-file - Update task entry:default@PreBuild input file:C:\Users\huawei\Downloads\Compressed\PageAndData-master-PageAndData04\PageAndData04\04_Complete\hvigor\hvigor-config.json5 cache by regenerate.
[2026-05-21T16:30:49.254] [DEBUG] debug-file - Update task entry:default@PreBuild input file:C:\Users\huawei\Downloads\Compressed\PageAndData-master-PageAndData04\PageAndData04\04_Complete\entry\oh-package.json5 cache by regenerate.
[2026-05-21T16:30:49.254] [DEBUG] debug-file - Update task entry:default@PreBuild input file:C:\Users\huawei\Downloads\Compressed\PageAndData-master-PageAndData04\PageAndData04\04_Complete\oh-package.json5 cache by regenerate.
[2026-05-21T16:30:49.255] [DEBUG] debug-file - Incremental task entry:default@PreBuild post-execution cost:11 ms .
[2026-05-21T16:30:49.256] [DEBUG] debug-file - Update task entry:default@CreateModuleInfo output file:C:\Users\huawei\Downloads\Compressed\PageAndData-master-PageAndData04\PageAndData04\04_Complete\entry\build\default\generated\profile\default\ModuleInfo.ts cache.
[2026-05-21T16:30:49.257] [DEBUG] debug-file - Incremental task entry:default@CreateModuleInfo post-execution cost:2 ms .
[2026-05-21T16:30:49.257] [DEBUG] debug-file - Update task entry:default@GenerateMetadata input file:C:\Users\huawei\Downloads\Compressed\PageAndData-master-PageAndData04\PageAndData04\04_Complete\entry\src\main\module.json5 cache by regenerate.
[2026-05-21T16:30:49.258] [DEBUG] debug-file - Update task entry:default@GenerateMetadata output file:C:\Users\huawei\Downloads\Compressed\PageAndData-master-PageAndData04\PageAndData04\04_Complete\entry\build\default\intermediates\hap_metadata\default\output_metadata.json cache.
[2026-05-21T16:30:49.259] [DEBUG] debug-file - Incremental task entry:default@GenerateMetadata post-execution cost:2 ms .
[2026-05-21T16:30:49.259] [DEBUG] debug-file - Update task entry:default@MergeProfile input file:C:\Users\huawei\Downloads\Compressed\PageAndData-master-PageAndData04\PageAndData04\04_Complete\AppScope\app.json5 cache by regenerate.
[2026-05-21T16:30:49.259] [DEBUG] debug-file - Update task entry:default@MergeProfile input file:C:\Users\huawei\Downloads\Compressed\PageAndData-master-PageAndData04\PageAndData04\04_Complete\build-profile.json5 cache by regenerate.
[2026-05-21T16:30:49.260] [DEBUG] debug-file - Update task entry:default@MergeProfile input file:C:\Users\huawei\Downloads\Compressed\PageAndData-master-PageAndData04\PageAndData04\04_Complete\entry\src\main\module.json5 cache by regenerate.
[2026-05-21T16:30:49.260] [DEBUG] debug-file - Update task entry:default@MergeProfile output file:C:\Users\huawei\Downloads\Compressed\PageAndData-master-PageAndData04\PageAndData04\04_Complete\entry\build\default\intermediates\merge_profile\default\module.json cache.
[2026-05-21T16:30:49.261] [DEBUG] debug-file - Incremental task entry:default@MergeProfile post-execution cost:3 ms .
[2026-05-21T16:30:49.261] [DEBUG] debug-file - Update task entry:default@CreateBuildProfile input file:C:\Users\huawei\Downloads\Compressed\PageAndData-master-PageAndData04\PageAndData04\04_Complete\AppScope\app.json5 cache by regenerate.
[2026-05-21T16:30:49.262] [DEBUG] debug-file - Update task entry:default@CreateBuildProfile input file:C:\Users\huawei\Downloads\Compressed\PageAndData-master-PageAndData04\PageAndData04\04_Complete\build-profile.json5 cache by regenerate.
[2026-05-21T16:30:49.262] [DEBUG] debug-file - Update task entry:default@CreateBuildProfile output file:C:\Users\huawei\Downloads\Compressed\PageAndData-master-PageAndData04\PageAndData04\04_Complete\entry\build\default\generated\profile\default\BuildProfile.ets cache.
[2026-05-21T16:30:49.263] [DEBUG] debug-file - Incremental task entry:default@CreateBuildProfile post-execution cost:2 ms .
[2026-05-21T16:30:49.263] [DEBUG] debug-file - Update task entry:default@GeneratePkgContextInfo output file:C:\Users\huawei\Downloads\Compressed\PageAndData-master-PageAndData04\PageAndData04\04_Complete\entry\build\default\intermediates\loader\default\pkgContextInfo.json cache.
[2026-05-21T16:30:49.264] [DEBUG] debug-file - Incremental task entry:default@GeneratePkgContextInfo post-execution cost:1 ms .
[2026-05-21T16:30:49.264] [DEBUG] debug-file - Update task entry:default@GeneratePkgSdkInfo output file:C:\Users\huawei\Downloads\Compressed\PageAndData-master-PageAndData04\PageAndData04\04_Complete\entry\build\default\intermediates\loader\default\pkgSdkInfo.json cache.
[2026-05-21T16:30:49.265] [DEBUG] debug-file - Incremental task entry:default@GeneratePkgSdkInfo post-execution cost:1 ms .
[2026-05-21T16:30:49.265] [DEBUG] debug-file - Update task entry:default@ProcessIntegratedHsp output file:C:\Users\huawei\Downloads\Compressed\PageAndData-master-PageAndData04\PageAndData04\04_Complete\build\cache\default\integrated_hsp\integratedHspCache.json cache.
[2026-05-21T16:30:49.266] [DEBUG] debug-file - Incremental task entry:default@ProcessIntegratedHsp post-execution cost:2 ms .
[2026-05-21T16:30:49.267] [DEBUG] debug-file - Update task entry:default@MakePackInfo input file:C:\Users\huawei\Downloads\Compressed\PageAndData-master-PageAndData04\PageAndData04\04_Complete\AppScope\app.json5 cache by regenerate.
[2026-05-21T16:30:49.268] [DEBUG] debug-file - Update task entry:default@MakePackInfo input file:C:\Users\huawei\Downloads\Compressed\PageAndData-master-PageAndData04\PageAndData04\04_Complete\entry\src\main\module.json5 cache by regenerate.
[2026-05-21T16:30:49.268] [DEBUG] debug-file - Update task entry:default@MakePackInfo input file:C:\Users\huawei\Downloads\Compressed\PageAndData-master-PageAndData04\PageAndData04\04_Complete\build-profile.json5 cache by regenerate.
[2026-05-21T16:30:49.269] [DEBUG] debug-file - Update task entry:default@MakePackInfo output file:C:\Users\huawei\Downloads\Compressed\PageAndData-master-PageAndData04\PageAndData04\04_Complete\entry\build\default\outputs\default\pack.info cache.
[2026-05-21T16:30:49.269] [DEBUG] debug-file - Incremental task entry:default@MakePackInfo post-execution cost:3 ms .
[2026-05-21T16:30:49.270] [DEBUG] debug-file - Update task entry:default@SyscapTransform input file:D:\DevEco Studio\sdk\default\openharmony\toolchains\syscap_tool.exe cache by regenerate.
[2026-05-21T16:30:49.271] [DEBUG] debug-file - Update task entry:default@SyscapTransform input file:D:\DevEco Studio\sdk\default\openharmony\ets\api\device-define cache by regenerate.
[2026-05-21T16:30:49.275] [DEBUG] debug-file - Update task entry:default@SyscapTransform output file:C:\Users\huawei\Downloads\Compressed\PageAndData-master-PageAndData04\PageAndData04\04_Complete\entry\build\default\intermediates\syscap\default\rpcid.sc cache.
[2026-05-21T16:30:49.276] [DEBUG] debug-file - Incremental task entry:default@SyscapTransform post-execution cost:7 ms .
[2026-05-21T16:30:49.277] [DEBUG] debug-file - Update task entry:default@ProcessProfile input file:C:\Users\huawei\Downloads\Compressed\PageAndData-master-PageAndData04\PageAndData04\04_Complete\entry\build\default\intermediates\merge_profile\default\module.json cache by regenerate.
[2026-05-21T16:30:49.278] [DEBUG] debug-file - Update task entry:default@ProcessProfile output file:C:\Users\huawei\Downloads\Compressed\PageAndData-master-PageAndData04\PageAndData04\04_Complete\entry\build\default\intermediates\process_profile\default\module.json cache.
[2026-05-21T16:30:49.279] [DEBUG] debug-file - Incremental task entry:default@ProcessProfile post-execution cost:3 ms .
[2026-05-21T16:30:49.280] [DEBUG] debug-file - Update task entry:default@ProcessRouterMap input file:C:\Users\huawei\Downloads\Compressed\PageAndData-master-PageAndData04\PageAndData04\04_Complete\entry\oh-package.json5 cache by regenerate.
[2026-05-21T16:30:49.281] [DEBUG] debug-file - Update task entry:default@ProcessRouterMap input file:C:\Users\huawei\Downloads\Compressed\PageAndData-master-PageAndData04\PageAndData04\04_Complete\oh-package.json5 cache by regenerate.
[2026-05-21T16:30:49.282] [DEBUG] debug-file - Update task entry:default@ProcessRouterMap input file:C:\Users\huawei\Downloads\Compressed\PageAndData-master-PageAndData04\PageAndData04\04_Complete\entry\src\main\module.json5 cache by regenerate.
[2026-05-21T16:30:49.283] [DEBUG] debug-file - Update task entry:default@ProcessRouterMap input file:C:\Users\huawei\Downloads\Compressed\PageAndData-master-PageAndData04\PageAndData04\04_Complete\entry\src\main\resources\base\profile\route_map.json cache by regenerate.
[2026-05-21T16:30:49.283] [DEBUG] debug-file - Update task entry:default@ProcessRouterMap output file:C:\Users\huawei\Downloads\Compressed\PageAndData-master-PageAndData04\PageAndData04\04_Complete\entry\build\default\intermediates\router_map\default\route_map.json cache.
[2026-05-21T16:30:49.283] [DEBUG] debug-file - Update task entry:default@ProcessRouterMap output file:C:\Users\huawei\Downloads\Compressed\PageAndData-master-PageAndData04\PageAndData04\04_Complete\entry\build\default\intermediates\router_map\default\loader-router-map.json cache.
[2026-05-21T16:30:49.284] [DEBUG] debug-file - Incremental task entry:default@ProcessRouterMap post-execution cost:5 ms .
[2026-05-21T16:30:49.285] [DEBUG] debug-file - Update task entry:default@ProcessShareConfig input file:C:\Users\huawei\Downloads\Compressed\PageAndData-master-PageAndData04\PageAndData04\04_Complete\entry\oh-package.json5 cache by regenerate.
[2026-05-21T16:30:49.285] [DEBUG] debug-file - Update task entry:default@ProcessShareConfig input file:C:\Users\huawei\Downloads\Compressed\PageAndData-master-PageAndData04\PageAndData04\04_Complete\oh-package.json5 cache by regenerate.
[2026-05-21T16:30:49.286] [DEBUG] debug-file - Update task entry:default@ProcessShareConfig input file:C:\Users\huawei\Downloads\Compressed\PageAndData-master-PageAndData04\PageAndData04\04_Complete\entry\src\main\module.json5 cache by regenerate.
[2026-05-21T16:30:49.286] [DEBUG] debug-file - Update task entry:default@ProcessShareConfig output file:C:\Users\huawei\Downloads\Compressed\PageAndData-master-PageAndData04\PageAndData04\04_Complete\entry\build\default\intermediates\share_config\default\temp-share-config.json cache.
[2026-05-21T16:30:49.287] [DEBUG] debug-file - Incremental task entry:default@ProcessShareConfig post-execution cost:3 ms .
[2026-05-21T16:30:49.288] [DEBUG] debug-file - Update task entry:default@ProcessStartupConfig output file:C:\Users\huawei\Downloads\Compressed\PageAndData-master-PageAndData04\PageAndData04\04_Complete\entry\build\default\intermediates\startup\default\startup_config.json cache.
[2026-05-21T16:30:49.288] [DEBUG] debug-file - Incremental task entry:default@ProcessStartupConfig post-execution cost:1 ms .
[2026-05-21T16:30:49.288] [DEBUG] debug-file - Update task entry:default@ProcessResource output file:C:\Users\huawei\Downloads\Compressed\PageAndData-master-PageAndData04\PageAndData04\04_Complete\entry\build\default\intermediates\res\default\resConfig.json cache.
[2026-05-21T16:30:49.289] [DEBUG] debug-file - Update task entry:default@ProcessResource output file:C:\Users\huawei\Downloads\Compressed\PageAndData-master-PageAndData04\PageAndData04\04_Complete\entry\build\default\intermediates\res\default\opt-compression.json cache.
[2026-05-21T16:30:49.290] [DEBUG] debug-file - Incremental task entry:default@ProcessResource post-execution cost:2 ms .
[2026-05-21T16:30:49.293] [DEBUG] debug-file - Update task entry:default@GenerateLoaderJson input file:C:\Users\huawei\Downloads\Compressed\PageAndData-master-PageAndData04\PageAndData04\04_Complete\entry\build\default\intermediates\router_map\default\loader-router-map.json cache by regenerate.
[2026-05-21T16:30:49.293] [DEBUG] debug-file - Update task entry:default@GenerateLoaderJson input file:C:\Users\huawei\Downloads\Compressed\PageAndData-master-PageAndData04\PageAndData04\04_Complete\entry\build\default\intermediates\router_map\default\route_map.json cache by regenerate.
[2026-05-21T16:30:49.294] [DEBUG] debug-file - Update task entry:default@GenerateLoaderJson output file:C:\Users\huawei\Downloads\Compressed\PageAndData-master-PageAndData04\PageAndData04\04_Complete\entry\build\default\intermediates\loader\default\loader.json cache.
[2026-05-21T16:30:49.295] [DEBUG] debug-file - Incremental task entry:default@GenerateLoaderJson post-execution cost:6 ms .
[2026-05-21T16:30:49.296] [DEBUG] debug-file - Update task entry:default@ProcessLibs input file:C:\Users\huawei\Downloads\Compressed\PageAndData-master-PageAndData04\PageAndData04\04_Complete\build-profile.json5 cache by regenerate.
[2026-05-21T16:30:49.296] [DEBUG] debug-file - Update task entry:default@ProcessLibs input file:C:\Users\huawei\Downloads\Compressed\PageAndData-master-PageAndData04\PageAndData04\04_Complete\entry\build-profile.json5 cache by regenerate.
[2026-05-21T16:30:49.298] [DEBUG] debug-file - Update task entry:default@ProcessLibs output file:C:\Users\huawei\Downloads\Compressed\PageAndData-master-PageAndData04\PageAndData04\04_Complete\entry\build\default\intermediates\libs\default cache.
[2026-05-21T16:30:49.299] [DEBUG] debug-file - Incremental task entry:default@ProcessLibs post-execution cost:4 ms .
[2026-05-21T16:30:49.301] [DEBUG] debug-file - Update task entry:default@CompileResource input file:C:\Users\huawei\Downloads\Compressed\PageAndData-master-PageAndData04\PageAndData04\04_Complete\entry\src\main\resources cache by regenerate.
[2026-05-21T16:30:49.316] [DEBUG] debug-file - Update task entry:default@CompileResource input file:C:\Users\huawei\Downloads\Compressed\PageAndData-master-PageAndData04\PageAndData04\04_Complete\AppScope\resources cache by regenerate.
[2026-05-21T16:30:49.318] [DEBUG] debug-file - Update task entry:default@CompileResource input file:C:\Users\huawei\Downloads\Compressed\PageAndData-master-PageAndData04\PageAndData04\04_Complete\entry\build\default\intermediates\process_profile\default\module.json cache by regenerate.
[2026-05-21T16:30:49.319] [DEBUG] debug-file - Update task entry:default@CompileResource input file:C:\Users\huawei\Downloads\Compressed\PageAndData-master-PageAndData04\PageAndData04\04_Complete\entry\build\default\intermediates\router_map\default\route_map.json cache by regenerate.
[2026-05-21T16:30:49.319] [DEBUG] debug-file - Update task entry:default@CompileResource input file:C:\Users\huawei\Downloads\Compressed\PageAndData-master-PageAndData04\PageAndData04\04_Complete\entry\build\default\intermediates\res\default\resConfig.json cache by regenerate.
[2026-05-21T16:30:49.320] [DEBUG] debug-file - Update task entry:default@CompileResource output file:C:\Users\huawei\Downloads\Compressed\PageAndData-master-PageAndData04\PageAndData04\04_Complete\entry\build\default\intermediates\res\default cache.
[2026-05-21T16:30:49.339] [DEBUG] debug-file - Update task entry:default@CompileResource output file:C:\Users\huawei\Downloads\Compressed\PageAndData-master-PageAndData04\PageAndData04\04_Complete\entry\build\default\generated\r\default\ResourceTable.h cache.
[2026-05-21T16:30:49.341] [DEBUG] debug-file - Update task entry:default@CompileResource output file:C:\Users\huawei\Downloads\Compressed\PageAndData-master-PageAndData04\PageAndData04\04_Complete\entry\build\default\generated\r\default\ResourceTable.ts cache.
[2026-05-21T16:30:49.342] [DEBUG] debug-file - Update task entry:default@CompileResource output file:C:\Users\huawei\Downloads\Compressed\PageAndData-master-PageAndData04\PageAndData04\04_Complete\entry\build\default\generated\r\default cache.
[2026-05-21T16:30:49.343] [DEBUG] debug-file - Incremental task entry:default@CompileResource post-execution cost:44 ms .
[2026-05-21T16:30:49.343] [DEBUG] debug-file - Update task entry:default@DoNativeStrip input file:C:\Users\huawei\Downloads\Compressed\PageAndData-master-PageAndData04\PageAndData04\04_Complete\entry\build\default\intermediates\libs\default cache by regenerate.
[2026-05-21T16:30:49.344] [DEBUG] debug-file - Update task entry:default@DoNativeStrip output file:C:\Users\huawei\Downloads\Compressed\PageAndData-master-PageAndData04\PageAndData04\04_Complete\entry\build\default\intermediates\stripped_native_libs\default cache.
[2026-05-21T16:30:49.345] [DEBUG] debug-file - Incremental task entry:default@DoNativeStrip post-execution cost:2 ms .
[2026-05-21T16:30:49.347] [DEBUG] debug-file - Update task entry:default@CompileArkTS input file:C:\Users\huawei\Downloads\Compressed\PageAndData-master-PageAndData04\PageAndData04\04_Complete\entry\build\default\intermediates\loader\default cache by regenerate.
[2026-05-21T16:30:49.348] [DEBUG] debug-file - Update task entry:default@CompileArkTS input file:C:\Users\huawei\Downloads\Compressed\PageAndData-master-PageAndData04\PageAndData04\04_Complete\entry\build\default\intermediates\res\default\ResourceTable.txt cache by regenerate.
[2026-05-21T16:30:49.349] [DEBUG] debug-file - Update task entry:default@CompileArkTS input file:C:\Users\huawei\Downloads\Compressed\PageAndData-master-PageAndData04\PageAndData04\04_Complete\entry\build\default\intermediates\res\default\ark_module.json cache by regenerate.
[2026-05-21T16:30:49.349] [DEBUG] debug-file - Update task entry:default@CompileArkTS input file:C:\Users\huawei\Downloads\Compressed\PageAndData-master-PageAndData04\PageAndData04\04_Complete\entry\build\default\intermediates\res\default\resources\base\profile cache by regenerate.
[2026-05-21T16:30:49.350] [DEBUG] debug-file - Update task entry:default@CompileArkTS input file:C:\Users\huawei\Downloads\Compressed\PageAndData-master-PageAndData04\PageAndData04\04_Complete\entry\src\main\ets cache by regenerate.
[2026-05-21T16:30:49.358] [DEBUG] debug-file - Update task entry:default@CompileArkTS input file:C:\Users\huawei\Downloads\Compressed\PageAndData-master-PageAndData04\PageAndData04\04_Complete\entry\build\default\generated\profile\default\BuildProfile.ets cache by regenerate.
[2026-05-21T16:30:49.358] [DEBUG] debug-file - Update task entry:default@CompileArkTS output file:C:\Users\huawei\Downloads\Compressed\PageAndData-master-PageAndData04\PageAndData04\04_Complete\entry\build\default\intermediates\loader_out\default\ets cache.
[2026-05-21T16:30:49.359] [DEBUG] debug-file - Incremental task entry:default@CompileArkTS post-execution cost:15 ms .
[2026-05-21T16:30:49.361] [DEBUG] debug-file - Update task entry:default@BuildJS input file:C:\Users\huawei\Downloads\Compressed\PageAndData-master-PageAndData04\PageAndData04\04_Complete\entry\build\default\intermediates\loader\default cache by regenerate.
[2026-05-21T16:30:49.362] [DEBUG] debug-file - Update task entry:default@BuildJS input file:C:\Users\huawei\Downloads\Compressed\PageAndData-master-PageAndData04\PageAndData04\04_Complete\entry\build\default\intermediates\res\default\ResourceTable.txt cache by regenerate.
[2026-05-21T16:30:49.362] [DEBUG] debug-file - Update task entry:default@BuildJS input file:C:\Users\huawei\Downloads\Compressed\PageAndData-master-PageAndData04\PageAndData04\04_Complete\entry\build\default\intermediates\res\default\ark_module.json cache by regenerate.
[2026-05-21T16:30:49.363] [DEBUG] debug-file - Update task entry:default@BuildJS input file:C:\Users\huawei\Downloads\Compressed\PageAndData-master-PageAndData04\PageAndData04\04_Complete\entry\build\default\intermediates\res\default\resources\base\profile cache by regenerate.
[2026-05-21T16:30:49.364] [DEBUG] debug-file - Update task entry:default@BuildJS output file:C:\Users\huawei\Downloads\Compressed\PageAndData-master-PageAndData04\PageAndData04\04_Complete\entry\build\default\intermediates\loader_out\default\js cache.
[2026-05-21T16:30:49.364] [DEBUG] debug-file - Incremental task entry:default@BuildJS post-execution cost:5 ms .
[2026-05-21T16:30:49.364] [DEBUG] debug-file - Update task entry:default@CacheNativeLibs input file:C:\Users\huawei\Downloads\Compressed\PageAndData-master-PageAndData04\PageAndData04\04_Complete\entry\build\default\intermediates\stripped_native_libs\default cache by regenerate.
[2026-05-21T16:30:49.365] [DEBUG] debug-file - Update task entry:default@CacheNativeLibs input file:C:\Users\huawei\Downloads\Compressed\PageAndData-master-PageAndData04\PageAndData04\04_Complete\entry\build\default\intermediates\libs\default cache by regenerate.
[2026-05-21T16:30:49.365] [DEBUG] debug-file - Update task entry:default@CacheNativeLibs output file:C:\Users\huawei\Downloads\Compressed\PageAndData-master-PageAndData04\PageAndData04\04_Complete\entry\build\default\intermediates\patch\default\base_native_libs.json cache.
[2026-05-21T16:30:49.366] [DEBUG] debug-file - Update task entry:default@CacheNativeLibs output file:C:\Users\huawei\Downloads\Compressed\PageAndData-master-PageAndData04\PageAndData04\04_Complete\entry\build\default\intermediates\patch\default\binxo_native_libs.json cache.
[2026-05-21T16:30:49.367] [DEBUG] debug-file - Incremental task entry:default@CacheNativeLibs post-execution cost:3 ms .
[2026-05-21T16:30:49.367] [DEBUG] debug-file - Update task entry:default@GeneratePkgModuleJson input file:C:\Users\huawei\Downloads\Compressed\PageAndData-master-PageAndData04\PageAndData04\04_Complete\entry\build\default\intermediates\res\default\module.json cache by regenerate.
[2026-05-21T16:30:49.368] [DEBUG] debug-file - Update task entry:default@GeneratePkgModuleJson output file:C:\Users\huawei\Downloads\Compressed\PageAndData-master-PageAndData04\PageAndData04\04_Complete\entry\build\default\intermediates\package\default\module.json cache.
[2026-05-21T16:30:49.368] [DEBUG] debug-file - Incremental task entry:default@GeneratePkgModuleJson post-execution cost:1 ms .
[2026-05-21T16:30:49.368] [DEBUG] debug-file - Incremental task entry:default@ProcessCompiledResources post-execution cost:1 ms .
[2026-05-21T16:30:49.369] [DEBUG] debug-file - Update task entry:default@PackageHap input file:C:\Users\huawei\Downloads\Compressed\PageAndData-master-PageAndData04\PageAndData04\04_Complete\entry\build\default\intermediates\stripped_native_libs\default cache by regenerate.
[2026-05-21T16:30:49.370] [DEBUG] debug-file - Update task entry:default@PackageHap input file:C:\Users\huawei\Downloads\Compressed\PageAndData-master-PageAndData04\PageAndData04\04_Complete\entry\build\default\intermediates\res\default\module.json cache by regenerate.
[2026-05-21T16:30:49.370] [DEBUG] debug-file - Update task entry:default@PackageHap input file:C:\Users\huawei\Downloads\Compressed\PageAndData-master-PageAndData04\PageAndData04\04_Complete\entry\build\default\intermediates\res\default\resources cache by regenerate.
[2026-05-21T16:30:49.383] [DEBUG] debug-file - Update task entry:default@PackageHap input file:C:\Users\huawei\Downloads\Compressed\PageAndData-master-PageAndData04\PageAndData04\04_Complete\entry\build\default\intermediates\res\default\resources.index cache by regenerate.
[2026-05-21T16:30:49.384] [DEBUG] debug-file - Update task entry:default@PackageHap input file:C:\Users\huawei\Downloads\Compressed\PageAndData-master-PageAndData04\PageAndData04\04_Complete\entry\build\default\outputs\default\pack.info cache by regenerate.
[2026-05-21T16:30:49.385] [DEBUG] debug-file - Update task entry:default@PackageHap input file:C:\Users\huawei\Downloads\Compressed\PageAndData-master-PageAndData04\PageAndData04\04_Complete\entry\build\default\intermediates\loader_out\default\ets cache by regenerate.
[2026-05-21T16:30:49.387] [DEBUG] debug-file - Update task entry:default@PackageHap input file:C:\Users\huawei\Downloads\Compressed\PageAndData-master-PageAndData04\PageAndData04\04_Complete\entry\build\default\intermediates\loader\default\pkgSdkInfo.json cache by regenerate.
[2026-05-21T16:30:49.388] [DEBUG] debug-file - Update task entry:default@PackageHap input file:C:\Users\huawei\Downloads\Compressed\PageAndData-master-PageAndData04\PageAndData04\04_Complete\entry\build\default\intermediates\loader_out\default\ets\sourceMaps.map cache by regenerate.
[2026-05-21T16:30:49.388] [DEBUG] debug-file - Update task entry:default@PackageHap input file:C:\Users\huawei\Downloads\Compressed\PageAndData-master-PageAndData04\PageAndData04\04_Complete\entry\build\default\generated\profile\default\BuildProfile.ets cache by regenerate.
[2026-05-21T16:30:49.389] [DEBUG] debug-file - Update task entry:default@PackageHap output file:C:\Users\huawei\Downloads\Compressed\PageAndData-master-PageAndData04\PageAndData04\04_Complete\entry\build\default\outputs\default\entry-default-unsigned.hap cache.
[2026-05-21T16:30:49.390] [DEBUG] debug-file - Update task entry:default@PackageHap output file:C:\Users\huawei\Downloads\Compressed\PageAndData-master-PageAndData04\PageAndData04\04_Complete\entry\build\default\intermediates\source_map\default\sourceMaps.map cache.
[2026-05-21T16:30:49.391] [DEBUG] debug-file - Update task entry:default@PackageHap output file:C:\Users\huawei\Downloads\Compressed\PageAndData-master-PageAndData04\PageAndData04\04_Complete\entry\build\default\outputs\default\mapping\sourceMaps.map cache.
[2026-05-21T16:30:49.392] [DEBUG] debug-file - Incremental task entry:default@PackageHap post-execution cost:24 ms .
[2026-05-21T16:30:49.393] [DEBUG] debug-file - Update task entry:default@SignHap input file:C:\Users\huawei\Downloads\Compressed\PageAndData-master-PageAndData04\PageAndData04\04_Complete\entry\build\default\outputs\default\entry-default-unsigned.hap cache by regenerate.
[2026-05-21T16:30:49.393] [DEBUG] debug-file - Update task entry:default@SignHap output file:C:\Users\huawei\Downloads\Compressed\PageAndData-master-PageAndData04\PageAndData04\04_Complete\entry\build\default\outputs\default\entry-default-signed.hap cache.
[2026-05-21T16:30:49.394] [DEBUG] debug-file - Incremental task entry:default@SignHap post-execution cost:2 ms .
[2026-05-21T16:30:49.395] [DEBUG] debug-file - Update task entry:default@CollectDebugSymbol input file:C:\Users\huawei\Downloads\Compressed\PageAndData-master-PageAndData04\PageAndData04\04_Complete\entry\build\default\intermediates\loader_out\default\ets\sourceMaps.map cache by regenerate.
[2026-05-21T16:30:49.395] [DEBUG] debug-file - Update task entry:default@CollectDebugSymbol input file:C:\Users\huawei\Downloads\Compressed\PageAndData-master-PageAndData04\PageAndData04\04_Complete\entry\build\default\intermediates\libs\default cache by regenerate.
[2026-05-21T16:30:49.397] [DEBUG] debug-file - Update task entry:default@CollectDebugSymbol output file:C:\Users\huawei\Downloads\Compressed\PageAndData-master-PageAndData04\PageAndData04\04_Complete\entry\build\default\outputs\default\symbol cache.
[2026-05-21T16:30:49.398] [DEBUG] debug-file - Incremental task entry:default@CollectDebugSymbol post-execution cost:5 ms .
[2026-05-21T16:30:49.461] [DEBUG] debug-file - Cleanup worker 0.
[2026-05-21T16:30:49.462] [DEBUG] debug-file - Worker 0 has been cleaned up.
[2026-05-21T16:30:49.462] [DEBUG] debug-file - Current idle worker size: 4.
[2026-05-21T16:30:49.463] [DEBUG] debug-file - Current resident worker size: 5.
[2026-05-21T16:30:49.463] [DEBUG] debug-file - Cleanup worker 1.
[2026-05-21T16:30:49.463] [DEBUG] debug-file - Worker 1 has been cleaned up.
[2026-05-21T16:30:49.463] [DEBUG] debug-file - Current idle worker size: 3.
[2026-05-21T16:30:49.469] [DEBUG] debug-file - session manager: send message to worker process.
[2026-05-21T16:30:49.470] [DEBUG] debug-file - session manager: send message to worker process.
[2026-05-21T16:30:49.468] [DEBUG] debug-file - Current resident worker size: 5.
[2026-05-21T16:30:49.472] [DEBUG] debug-file - Cleanup worker 10.
[2026-05-21T16:30:49.473] [DEBUG] debug-file - Worker 10 has been cleaned up.
[2026-05-21T16:30:49.473] [DEBUG] debug-file - Current idle worker size: 2.
[2026-05-21T16:30:49.473] [DEBUG] debug-file - Current resident worker size: 5.
[2026-05-21T16:30:49.473] [DEBUG] debug-file - Cleanup worker 9.
[2026-05-21T16:30:49.473] [DEBUG] debug-file - Worker 9 has been cleaned up.
[2026-05-21T16:30:49.473] [DEBUG] debug-file - Current idle worker size: 1.
[2026-05-21T16:30:49.474] [DEBUG] debug-file - Current resident worker size: 5.
[2026-05-21T16:30:49.481] [DEBUG] debug-file - hvigor build process will be closed.
[2026-05-21T16:30:49.493] [DEBUG] debug-file - watch worker: worker id should be larger than 0. Nothing will be sent to any worker thread.
[2026-05-21T16:30:49.493] [DEBUG] debug-file - watch worker: worker id should be larger than 0. Nothing will be sent to any worker thread.
[2026-05-21T16:30:49.494] [DEBUG] debug-file - worker[10] exits with exit code 1.
[2026-05-21T16:30:49.495] [DEBUG] debug-file - worker[9] exits with exit code 1.
[2026-05-21T16:30:49.500] [DEBUG] debug-file - worker[1] exits with exit code 1.
[2026-05-21T16:30:49.505] [DEBUG] debug-file - worker[0] exits with exit code 1.
[2026-05-21T16:33:26.048] [DEBUG] debug-file - env: nodejsVersion=v18.20.1
[2026-05-21T16:33:26.137] [DEBUG] debug-file - env: daemon=true
[2026-05-21T16:33:26.053] [DEBUG] debug-file - env: hvigor-config.json5 content = {
  modelVersion: '6.0.0',
  dependencies: {},
  execution: {},
  logging: {},
  debugging: {}
}
[2026-05-21T16:33:28.057] [DEBUG] debug-file - java daemon tryConnect failed Error: connect ECONNREFUSED 127.0.0.1:45050
[2026-05-21T16:33:28.069] [DEBUG] debug-file - java daemon started at port 45050 pid 41040
[2026-05-21T16:33:28.183] [DEBUG] debug-file - session manager: set active socket. socketId=QJng-O6d6GX-0lp_AAAB
[2026-05-21T16:33:29.280] [DEBUG] debug-file - watch worker: worker id should be larger than 0. Nothing will be sent to any worker thread.
[2026-05-21T16:33:29.286] [DEBUG] debug-file - Since there is no instance or instance is terminated, create a new worker pool.
[2026-05-21T16:33:29.287] [DEBUG] debug-file - Worker pool is initialized with config:  {
  minPoolNum: 2,
  maxPoolNum: undefined,
  maxCoreSize: undefined,
  cacheCapacity: undefined,
  cacheTtl: undefined
}
[2026-05-21T16:33:29.289] [DEBUG] debug-file - Create  resident worker with id: 0.
[2026-05-21T16:33:29.292] [DEBUG] debug-file - Create  resident worker with id: 1.
[2026-05-21T16:33:29.295] [DEBUG] debug-file - Workers' log level updated to INFO
[2026-05-21T16:33:29.306] [DEBUG] debug-file - Hvigor init with startParameters:{
  hvigorfileTypeCheck: false,
  parallelExecution: true,
  incrementalExecution: true,
  printStackTrace: false,
  daemon: true,
  analyze: 0,
  logLevel: Level { level: 20000, levelStr: 'INFO', colour: 'green' },
  optimizationStrategy: 'memory',
  hotCompile: undefined,
  hotReloadBuild: undefined,
  customizedParam: undefined
}
[2026-05-21T16:33:29.370] [DEBUG] debug-file - Cache service initialization finished in 64 ms 
[2026-05-21T16:33:29.373] [DEBUG] debug-file - hvigorfile, resolving E:\Grade3-2\HomenyOS\Homeworks\Homework2\MyAPP\hvigorfile.ts
[2026-05-21T16:33:33.142] [DEBUG] debug-file - hvigorfile, require result:  {}
[2026-05-21T16:33:33.143] [DEBUG] debug-file - hvigorfile, binding system plugins {}
[2026-05-21T16:33:33.144] [DEBUG] debug-file - Starting plugin build process
[2026-05-21T16:33:33.144] [DEBUG] debug-file - App plugin prepare start...
[2026-05-21T16:33:33.144] [DEBUG] debug-file - App plugin prepare end...
[2026-05-21T16:33:33.144] [DEBUG] debug-file - App plugin creating...
[2026-05-21T16:33:33.410] [DEBUG] debug-file - App plugin register hook start...
[2026-05-21T16:33:33.410] [DEBUG] debug-file - App plugin register hook end...
[2026-05-21T16:33:33.410] [DEBUG] debug-file - Plugin build process completed
[2026-05-21T16:33:33.412] [DEBUG] debug-file - Start initialize project's product build option map with build mode debug.
[2026-05-21T16:33:33.412] [DEBUG] debug-file - Picking option from product 'default' with build mode 'debug'.
[2026-05-21T16:33:33.413] [DEBUG] debug-file - Product 'default' build option initialized
[2026-05-21T16:33:33.413] [DEBUG] debug-file - End initialize project's product build option map with build mode 'debug'.
[2026-05-21T16:33:33.416] [DEBUG] debug-file - Obtain build option for product 'default'in this build.
[2026-05-21T16:33:33.417] [DEBUG] debug-file - not found resModel json file in : E:\Grade3-2\HomenyOS\Homeworks\Homework2\MyAPP\entry\src\ohosTest\module.json5
[2026-05-21T16:33:33.428] [DEBUG] debug-file - No signingConfig found, initRemoteHspCache failed.
[2026-05-21T16:33:33.431] [DEBUG] debug-file - Local scan or download HarmonyOS sdk components toolchains,ets,js,native,previewer
[2026-05-21T16:33:33.437] [DEBUG] debug-file - Local scan or download hmscore sdk components toolchains,ets,native
[2026-05-21T16:33:33.442] [DEBUG] debug-file - Start recording SDK configuration permission data.
[2026-05-21T16:33:33.524] [DEBUG] debug-file - Sdk init in 95 ms 
[2026-05-21T16:33:33.536] [DEBUG] debug-file - Project task initialization takes 9 ms 
[2026-05-21T16:33:33.536] [DEBUG] debug-file - hvigorfile, resolve finished E:\Grade3-2\HomenyOS\Homeworks\Homework2\MyAPP\hvigorfile.ts
[2026-05-21T16:33:33.537] [DEBUG] debug-file - hvigorfile, resolving E:\Grade3-2\HomenyOS\Homeworks\Homework2\MyAPP\entry\hvigorfile.ts
[2026-05-21T16:33:33.545] [DEBUG] debug-file - hvigorfile, require result:  {}
[2026-05-21T16:33:33.545] [DEBUG] debug-file - hvigorfile, binding system plugins {}
[2026-05-21T16:33:33.546] [DEBUG] debug-file - Starting plugin build process
[2026-05-21T16:33:33.546] [DEBUG] debug-file - Hap plugin creating...
[2026-05-21T16:33:33.548] [DEBUG] debug-file - failed to load cangjie to dynamically generate schemas: Error: Cannot find module '@ohos/cangjie-build-support/index'
Require stack:
- D:\DevEco Studio\tools\hvigor\hvigor-ohos-plugin\src\plugin\hooks\cangjie-register.js
- D:\DevEco Studio\tools\hvigor\hvigor-ohos-plugin\src\plugin\strategy\stage-init-strategy.js
- D:\DevEco Studio\tools\hvigor\hvigor-ohos-plugin\src\plugin\builder\abstract-plugin-builder.js
- D:\DevEco Studio\tools\hvigor\hvigor-ohos-plugin\src\plugin\builder\app-plugin-builder.js
- D:\DevEco Studio\tools\hvigor\hvigor-ohos-plugin\src\plugin\factory\plugin-factory.js
- D:\DevEco Studio\tools\hvigor\hvigor-ohos-plugin\index.js
- E:\Grade3-2\HomenyOS\Homeworks\Homework2\MyAPP\hvigorfile.ts
- D:\DevEco Studio\tools\hvigor\hvigor\src\base\internal\lifecycle\configuration.js
- D:\DevEco Studio\tools\hvigor\hvigor\src\base\boot\index.js
- D:\DevEco Studio\tools\hvigor\hvigor\src\base\daemon\cluster\worker-process-lifecycle.js
- D:\DevEco Studio\tools\hvigor\hvigor\src\base\daemon\process\daemon-process-boot-script.js
[2026-05-21T16:33:33.568] [DEBUG] debug-file - Start initialize module-target build option map, moduleName=entry, buildMode=release
[2026-05-21T16:33:33.569] [DEBUG] debug-file - Target 'default' config initialized
[2026-05-21T16:33:33.569] [DEBUG] debug-file - Target 'ohosTest' config initialized
[2026-05-21T16:33:33.570] [DEBUG] debug-file - Module 'entry' target 'default' build option initialized
[2026-05-21T16:33:33.570] [DEBUG] debug-file - Module 'entry' target 'ohosTest' build option initialized
[2026-05-21T16:33:33.570] [DEBUG] debug-file - End initialize module-target build option map, moduleName=entry
[2026-05-21T16:33:33.570] [DEBUG] debug-file - Start initialize module-target build option map, moduleName=entry, buildMode=debug
[2026-05-21T16:33:33.570] [DEBUG] debug-file - Target 'default' config initialized
[2026-05-21T16:33:33.571] [DEBUG] debug-file - Target 'ohosTest' config initialized
[2026-05-21T16:33:33.571] [DEBUG] debug-file - Module 'entry' target 'default' build option initialized
[2026-05-21T16:33:33.571] [DEBUG] debug-file - Module 'entry' target 'ohosTest' build option initialized
[2026-05-21T16:33:33.571] [DEBUG] debug-file - End initialize module-target build option map, moduleName=entry
[2026-05-21T16:33:33.572] [DEBUG] debug-file - Start initialize module-target build option map, moduleName=entry, buildMode=debug
[2026-05-21T16:33:33.572] [DEBUG] debug-file - Target 'default' config initialized
[2026-05-21T16:33:33.572] [DEBUG] debug-file - Target 'ohosTest' config initialized
[2026-05-21T16:33:33.572] [DEBUG] debug-file - Module 'entry' target 'default' build option initialized
[2026-05-21T16:33:33.572] [DEBUG] debug-file - Module 'entry' target 'ohosTest' build option initialized
[2026-05-21T16:33:33.572] [DEBUG] debug-file - End initialize module-target build option map, moduleName=entry
[2026-05-21T16:33:33.573] [DEBUG] debug-file - Obtain build option for module 'entry' target 'default'in this build.
[2026-05-21T16:33:33.579] [DEBUG] debug-file - Module entry task initialization takes 5 ms 
[2026-05-21T16:33:33.580] [DEBUG] debug-file - Hap plugin register hook start...
[2026-05-21T16:33:33.580] [DEBUG] debug-file - Hap plugin register hook end...
[2026-05-21T16:33:33.580] [DEBUG] debug-file - Plugin build process completed
[2026-05-21T16:33:33.580] [DEBUG] debug-file - hvigorfile, resolve finished E:\Grade3-2\HomenyOS\Homeworks\Homework2\MyAPP\entry\hvigorfile.ts
[2026-05-21T16:33:33.607] [DEBUG] debug-file - hvigorfile, resolve hvigorfile dependencies in 27 ms 
[2026-05-21T16:33:33.608] [DEBUG] debug-file - project has submodules:entry
[2026-05-21T16:33:33.623] [DEBUG] debug-file - start to load updatedOhPackageInfo to the disk
[2026-05-21T16:33:33.655] [DEBUG] debug-file - load to the disk finished
[2026-05-21T16:33:33.657] [DEBUG] debug-file - Start to initialize dependency information.
[2026-05-21T16:33:33.661] [DEBUG] debug-file - Module MyAPP Collected Dependency: 
[2026-05-21T16:33:33.661] [DEBUG] debug-file - Module MyAPP's total dependency: 0
[2026-05-21T16:33:33.663] [DEBUG] debug-file - Start to initialize dependency information.
[2026-05-21T16:33:33.666] [DEBUG] debug-file - Module entry Collected Dependency: 
[2026-05-21T16:33:33.666] [DEBUG] debug-file - Module entry's total dependency: 0
[2026-05-21T16:33:33.686] [DEBUG] debug-file - Configuration phase cost:4 s 316 ms 
[2026-05-21T16:33:33.691] [DEBUG] debug-file - Configuration task cost before running: 4 s 395 ms 
[2026-05-21T16:33:33.691] [DEBUG] debug-file - Executing task :entry:init
[2026-05-21T16:33:33.692] [DEBUG] debug-file - entry : init cost memory 0.0164642333984375
[2026-05-21T16:33:33.692] [DEBUG] debug-file - runTaskFromQueue task cost before running: 4 s 397 ms 
[2026-05-21T16:33:33.693] [INFO] debug-file - Finished :entry:init... after 1 ms 
[2026-05-21T16:33:33.693] [DEBUG] debug-file - Executing task ::init
[2026-05-21T16:33:33.693] [DEBUG] debug-file - MyAPP : init cost memory 0.014190673828125
[2026-05-21T16:33:33.694] [DEBUG] debug-file - runTaskFromQueue task cost before running: 4 s 398 ms 
[2026-05-21T16:33:33.694] [INFO] debug-file - Finished ::init... after 1 ms 
[2026-05-21T16:33:33.707] [DEBUG] debug-file - Obtain build option for module 'entry' target 'default'in this build.
[2026-05-21T16:33:33.707] [DEBUG] debug-file - Obtain build option for module 'entry' target 'ohosTest'in this build.
[2026-05-21T16:33:33.723] [DEBUG] debug-file - session manager: send message to worker process.
[2026-05-21T16:33:33.724] [DEBUG] debug-file - session manager: send message to worker process.
[2026-05-21T16:33:33.728] [DEBUG] debug-file - Cleanup worker 0.
[2026-05-21T16:33:33.729] [DEBUG] debug-file - Worker 0 has been cleaned up.
[2026-05-21T16:33:33.729] [DEBUG] debug-file - Current idle worker size: 1.
[2026-05-21T16:33:33.730] [DEBUG] debug-file - Current resident worker size: 2.
[2026-05-21T16:33:33.730] [DEBUG] debug-file - Cleanup worker 1.
[2026-05-21T16:33:33.730] [DEBUG] debug-file - Worker 1 has been cleaned up.
[2026-05-21T16:33:33.730] [DEBUG] debug-file - Current idle worker size: 0.
[2026-05-21T16:33:33.730] [DEBUG] debug-file - Current resident worker size: 2.
[2026-05-21T16:33:33.734] [DEBUG] debug-file - hvigor build process will be closed.
[2026-05-21T16:33:33.756] [DEBUG] debug-file - watch worker: worker id should be larger than 0. Nothing will be sent to any worker thread.
[2026-05-21T16:33:33.757] [DEBUG] debug-file - watch worker: worker id should be larger than 0. Nothing will be sent to any worker thread.
[2026-05-21T16:33:33.761] [DEBUG] debug-file - worker[1] exits with exit code 1.
[2026-05-21T16:33:33.762] [DEBUG] debug-file - worker[0] exits with exit code 1.
[2026-05-21T16:33:54.664] [DEBUG] debug-file - session manager: set active socket. socketId=BzZc7BwRO-8vKn7pAAAD
[2026-05-21T16:33:54.714] [DEBUG] debug-file - watch worker: worker id should be larger than 0. Nothing will be sent to any worker thread.
[2026-05-21T16:33:54.733] [DEBUG] debug-file - Workers' log level updated to INFO
[2026-05-21T16:33:54.747] [DEBUG] debug-file - Hvigor init with startParameters:{
  hvigorfileTypeCheck: false,
  parallelExecution: true,
  incrementalExecution: true,
  printStackTrace: false,
  daemon: true,
  analyze: 0,
  logLevel: Level { level: 20000, levelStr: 'INFO', colour: 'green' },
  optimizationStrategy: 'memory',
  hotCompile: undefined,
  hotReloadBuild: undefined,
  customizedParam: undefined
}
[2026-05-21T16:33:54.756] [DEBUG] debug-file - Cache service initialization finished in 9 ms 
[2026-05-21T16:33:54.757] [DEBUG] debug-file - hvigorfile, resolving E:\Grade3-2\HomenyOS\Homeworks\Homework2\MyAPP\hvigorfile.ts
[2026-05-21T16:33:54.777] [DEBUG] debug-file - hvigorfile, require result:  {}
[2026-05-21T16:33:54.778] [DEBUG] debug-file - hvigorfile, binding system plugins {}
[2026-05-21T16:33:54.780] [DEBUG] debug-file - Starting plugin build process
[2026-05-21T16:33:54.781] [DEBUG] debug-file - App plugin prepare start...
[2026-05-21T16:33:54.781] [DEBUG] debug-file - App plugin prepare end...
[2026-05-21T16:33:54.781] [DEBUG] debug-file - App plugin creating...
[2026-05-21T16:33:54.794] [DEBUG] debug-file - App plugin register hook start...
[2026-05-21T16:33:54.794] [DEBUG] debug-file - App plugin register hook end...
[2026-05-21T16:33:54.794] [DEBUG] debug-file - Plugin build process completed
[2026-05-21T16:33:54.797] [DEBUG] debug-file - Start initialize project's product build option map with build mode debug.
[2026-05-21T16:33:54.797] [DEBUG] debug-file - Picking option from product 'default' with build mode 'debug'.
[2026-05-21T16:33:54.798] [DEBUG] debug-file - Product 'default' build option initialized
[2026-05-21T16:33:54.798] [DEBUG] debug-file - End initialize project's product build option map with build mode 'debug'.
[2026-05-21T16:33:54.800] [DEBUG] debug-file - Obtain build option for product 'default'in this build.
[2026-05-21T16:33:54.802] [DEBUG] debug-file - not found resModel json file in : E:\Grade3-2\HomenyOS\Homeworks\Homework2\MyAPP\entry\src\ohosTest\module.json5
[2026-05-21T16:33:54.810] [DEBUG] debug-file - No signingConfig found, initRemoteHspCache failed.
[2026-05-21T16:33:54.820] [DEBUG] debug-file - Start recording SDK configuration permission data.
[2026-05-21T16:33:54.906] [DEBUG] debug-file - Sdk init in 94 ms 
[2026-05-21T16:33:54.966] [DEBUG] debug-file - Project task initialization takes 59 ms 
[2026-05-21T16:33:54.968] [DEBUG] debug-file - hvigorfile, resolve finished E:\Grade3-2\HomenyOS\Homeworks\Homework2\MyAPP\hvigorfile.ts
[2026-05-21T16:33:55.016] [DEBUG] debug-file - hvigorfile, resolving E:\Grade3-2\HomenyOS\Homeworks\Homework2\MyAPP\entry\hvigorfile.ts
[2026-05-21T16:33:55.045] [DEBUG] debug-file - hvigorfile, require result:  {}
[2026-05-21T16:33:55.046] [DEBUG] debug-file - hvigorfile, binding system plugins {}
[2026-05-21T16:33:55.046] [DEBUG] debug-file - Starting plugin build process
[2026-05-21T16:33:55.046] [DEBUG] debug-file - Hap plugin creating...
[2026-05-21T16:33:55.048] [DEBUG] debug-file - failed to load cangjie to dynamically generate schemas: Error: Cannot find module '@ohos/cangjie-build-support/index'
Require stack:
- D:\DevEco Studio\tools\hvigor\hvigor-ohos-plugin\src\plugin\hooks\cangjie-register.js
- D:\DevEco Studio\tools\hvigor\hvigor-ohos-plugin\src\plugin\strategy\stage-init-strategy.js
- D:\DevEco Studio\tools\hvigor\hvigor-ohos-plugin\src\plugin\builder\abstract-plugin-builder.js
- D:\DevEco Studio\tools\hvigor\hvigor-ohos-plugin\src\plugin\builder\app-plugin-builder.js
- D:\DevEco Studio\tools\hvigor\hvigor-ohos-plugin\src\plugin\factory\plugin-factory.js
- D:\DevEco Studio\tools\hvigor\hvigor-ohos-plugin\index.js
- E:\Grade3-2\HomenyOS\Homeworks\Homework2\MyAPP\hvigorfile.ts
- D:\DevEco Studio\tools\hvigor\hvigor\src\base\internal\lifecycle\configuration.js
- D:\DevEco Studio\tools\hvigor\hvigor\src\base\boot\index.js
- D:\DevEco Studio\tools\hvigor\hvigor\src\base\daemon\cluster\worker-process-lifecycle.js
- D:\DevEco Studio\tools\hvigor\hvigor\src\base\daemon\process\daemon-process-boot-script.js
[2026-05-21T16:33:55.062] [DEBUG] debug-file - Start initialize module-target build option map, moduleName=entry, buildMode=release
[2026-05-21T16:33:55.062] [DEBUG] debug-file - Target 'default' config initialized
[2026-05-21T16:33:55.064] [DEBUG] debug-file - Target 'ohosTest' config initialized
[2026-05-21T16:33:55.064] [DEBUG] debug-file - Module 'entry' target 'default' build option initialized
[2026-05-21T16:33:55.064] [DEBUG] debug-file - Module 'entry' target 'ohosTest' build option initialized
[2026-05-21T16:33:55.064] [DEBUG] debug-file - End initialize module-target build option map, moduleName=entry
[2026-05-21T16:33:55.064] [DEBUG] debug-file - Start initialize module-target build option map, moduleName=entry, buildMode=debug
[2026-05-21T16:33:55.064] [DEBUG] debug-file - Target 'default' config initialized
[2026-05-21T16:33:55.066] [DEBUG] debug-file - Target 'ohosTest' config initialized
[2026-05-21T16:33:55.070] [DEBUG] debug-file - Module 'entry' target 'default' build option initialized
[2026-05-21T16:33:55.071] [DEBUG] debug-file - Module 'entry' target 'ohosTest' build option initialized
[2026-05-21T16:33:55.071] [DEBUG] debug-file - End initialize module-target build option map, moduleName=entry
[2026-05-21T16:33:55.071] [DEBUG] debug-file - Start initialize module-target build option map, moduleName=entry, buildMode=debug
[2026-05-21T16:33:55.071] [DEBUG] debug-file - Target 'default' config initialized
[2026-05-21T16:33:55.071] [DEBUG] debug-file - Target 'ohosTest' config initialized
[2026-05-21T16:33:55.072] [DEBUG] debug-file - Module 'entry' target 'default' build option initialized
[2026-05-21T16:33:55.072] [DEBUG] debug-file - Module 'entry' target 'ohosTest' build option initialized
[2026-05-21T16:33:55.072] [DEBUG] debug-file - End initialize module-target build option map, moduleName=entry
[2026-05-21T16:33:55.072] [DEBUG] debug-file - Obtain build option for module 'entry' target 'default'in this build.
[2026-05-21T16:33:55.080] [DEBUG] debug-file - Module entry task initialization takes 5 ms 
[2026-05-21T16:33:55.080] [DEBUG] debug-file - Hap plugin register hook start...
[2026-05-21T16:33:55.080] [DEBUG] debug-file - Hap plugin register hook end...
[2026-05-21T16:33:55.080] [DEBUG] debug-file - Plugin build process completed
[2026-05-21T16:33:55.081] [DEBUG] debug-file - hvigorfile, resolve finished E:\Grade3-2\HomenyOS\Homeworks\Homework2\MyAPP\entry\hvigorfile.ts
[2026-05-21T16:33:55.146] [DEBUG] debug-file - hvigorfile, resolve hvigorfile dependencies in 65 ms 
[2026-05-21T16:33:55.147] [DEBUG] debug-file - project has submodules:entry
[2026-05-21T16:33:55.150] [DEBUG] debug-file - start to load updatedOhPackageInfo to the disk
[2026-05-21T16:33:55.162] [DEBUG] debug-file - load to the disk finished
[2026-05-21T16:33:55.163] [DEBUG] debug-file - Start to initialize dependency information.
[2026-05-21T16:33:55.164] [DEBUG] debug-file - Module MyAPP Collected Dependency: 
[2026-05-21T16:33:55.165] [DEBUG] debug-file - Module MyAPP's total dependency: 0
[2026-05-21T16:33:55.166] [DEBUG] debug-file - Start to initialize dependency information.
[2026-05-21T16:33:55.170] [DEBUG] debug-file - Module entry Collected Dependency: 
[2026-05-21T16:33:55.170] [DEBUG] debug-file - Module entry's total dependency: 0
[2026-05-21T16:33:55.174] [DEBUG] debug-file - Configuration phase cost:418 ms 
[2026-05-21T16:33:55.178] [DEBUG] debug-file - Configuration task cost before running: 443 ms 
[2026-05-21T16:33:55.197] [DEBUG] debug-file - Executing task :entry:default@PreBuild
[2026-05-21T16:33:55.204] [DEBUG] debug-file - Task 'entry:default@PreBuild' cost while wrapping incremental declarations: 2 ms 
[2026-05-21T16:33:56.277] [DEBUG] debug-file - current product is not Atomic service.
[2026-05-21T16:33:56.278] [DEBUG] debug-file - Use tool [win32: JAVA_HOME, CLASSPATH]
 [ { JAVA_HOME: 'D:\\DevEco Studio\\jbr' }, { CLASSPATH: undefined } ]
[2026-05-21T16:33:56.278] [DEBUG] debug-file - Use tool [win32: NODE_HOME]
 [ { NODE_HOME: 'D:\\DevEco Studio\\tools\\node' } ]
[2026-05-21T16:33:56.279] [DEBUG] debug-file - entry : default@PreBuild cost memory 3.0745468139648438
[2026-05-21T16:33:56.279] [DEBUG] debug-file - runTaskFromQueue task cost before running: 1 s 544 ms 
[2026-05-21T16:33:56.280] [INFO] debug-file - Finished :entry:default@PreBuild... after 1 s 83 ms 
[2026-05-21T16:33:56.281] [DEBUG] debug-file - Executing task :entry:default@CreateModuleInfo
[2026-05-21T16:33:56.282] [DEBUG] debug-file - Task 'entry:default@CreateModuleInfo' cost while wrapping incremental declarations: 1 ms 
[2026-05-21T16:33:56.283] [DEBUG] debug-file - entry : default@CreateModuleInfo cost memory 0.0456695556640625
[2026-05-21T16:33:56.283] [DEBUG] debug-file - runTaskFromQueue task cost before running: 1 s 548 ms 
[2026-05-21T16:33:56.283] [INFO] debug-file - Finished :entry:default@CreateModuleInfo... after 2 ms 
[2026-05-21T16:33:56.284] [DEBUG] debug-file - Executing task :entry:default@GenerateMetadata
[2026-05-21T16:33:56.285] [DEBUG] debug-file - Task 'entry:default@GenerateMetadata' cost while wrapping incremental declarations: 1 ms 
[2026-05-21T16:33:56.287] [DEBUG] debug-file - entry : default@GenerateMetadata cost memory 0.0878448486328125
[2026-05-21T16:33:56.287] [DEBUG] debug-file - runTaskFromQueue task cost before running: 1 s 553 ms 
[2026-05-21T16:33:56.287] [INFO] debug-file - Finished :entry:default@GenerateMetadata... after 3 ms 
[2026-05-21T16:33:56.289] [DEBUG] debug-file - Executing task :entry:default@ConfigureCmake
[2026-05-21T16:33:56.292] [DEBUG] debug-file - entry : default@ConfigureCmake cost memory -7.1518707275390625
[2026-05-21T16:33:56.292] [DEBUG] debug-file - runTaskFromQueue task cost before running: 1 s 557 ms 
[2026-05-21T16:33:56.292] [INFO] debug-file - Finished :entry:default@ConfigureCmake... after 3 ms 
[2026-05-21T16:33:56.294] [DEBUG] debug-file - Executing task :entry:default@MergeProfile
[2026-05-21T16:33:56.295] [DEBUG] debug-file - Task 'entry:default@MergeProfile' cost while wrapping incremental declarations: 1 ms 
[2026-05-21T16:33:56.296] [DEBUG] debug-file - Change app api release type with 'Release'
[2026-05-21T16:33:56.297] [DEBUG] debug-file - Change app compile API version with '6.1.0.105'
[2026-05-21T16:33:56.297] [DEBUG] debug-file - Change app target API version with '60002022'
[2026-05-21T16:33:56.297] [DEBUG] debug-file - Change app minimum API version with '50005017'
[2026-05-21T16:33:56.297] [DEBUG] debug-file - Use cli appEnvironment
[2026-05-21T16:33:56.325] [DEBUG] debug-file - entry : default@MergeProfile cost memory 0.252685546875
[2026-05-21T16:33:56.325] [DEBUG] debug-file - runTaskFromQueue task cost before running: 1 s 591 ms 
[2026-05-21T16:33:56.326] [INFO] debug-file - Finished :entry:default@MergeProfile... after 32 ms 
[2026-05-21T16:33:56.328] [DEBUG] debug-file - Executing task :entry:default@CreateBuildProfile
[2026-05-21T16:33:56.329] [DEBUG] debug-file - Task 'entry:default@CreateBuildProfile' cost while wrapping incremental declarations: 1 ms 
[2026-05-21T16:33:56.330] [DEBUG] debug-file - entry : default@CreateBuildProfile cost memory 0.08084869384765625
[2026-05-21T16:33:56.330] [DEBUG] debug-file - runTaskFromQueue task cost before running: 1 s 596 ms 
[2026-05-21T16:33:56.331] [INFO] debug-file - Finished :entry:default@CreateBuildProfile... after 3 ms 
[2026-05-21T16:33:56.332] [DEBUG] debug-file - Executing task :entry:default@PreCheckSyscap
[2026-05-21T16:33:56.333] [DEBUG] debug-file - entry : default@PreCheckSyscap cost memory 0.01482391357421875
[2026-05-21T16:33:56.333] [DEBUG] debug-file - runTaskFromQueue task cost before running: 1 s 599 ms 
[2026-05-21T16:33:56.333] [INFO] debug-file - Finished :entry:default@PreCheckSyscap... after 1 ms 
[2026-05-21T16:33:56.335] [DEBUG] debug-file - Executing task :entry:default@GeneratePkgContextInfo
[2026-05-21T16:33:56.342] [DEBUG] debug-file - Task 'entry:default@GeneratePkgContextInfo' cost while wrapping incremental declarations: 1 ms 
[2026-05-21T16:33:56.343] [DEBUG] debug-file - entry : default@GeneratePkgContextInfo cost memory 0.314788818359375
[2026-05-21T16:33:56.343] [DEBUG] debug-file - runTaskFromQueue task cost before running: 1 s 608 ms 
[2026-05-21T16:33:56.343] [INFO] debug-file - Finished :entry:default@GeneratePkgContextInfo... after 8 ms 
[2026-05-21T16:33:56.344] [DEBUG] debug-file - Executing task :entry:default@GeneratePkgSdkInfo
[2026-05-21T16:33:56.346] [DEBUG] debug-file - Task 'entry:default@GeneratePkgSdkInfo' cost while wrapping incremental declarations: 1 ms 
[2026-05-21T16:33:56.348] [DEBUG] debug-file - entry : default@GeneratePkgSdkInfo cost memory 0.15301513671875
[2026-05-21T16:33:56.348] [DEBUG] debug-file - runTaskFromQueue task cost before running: 1 s 614 ms 
[2026-05-21T16:33:56.349] [INFO] debug-file - Finished :entry:default@GeneratePkgSdkInfo... after 5 ms 
[2026-05-21T16:33:56.354] [DEBUG] debug-file - Executing task :entry:default@ProcessIntegratedHsp
[2026-05-21T16:33:56.355] [DEBUG] debug-file - entry : default@ProcessIntegratedHsp cost memory 0.0343780517578125
[2026-05-21T16:33:56.355] [DEBUG] debug-file - runTaskFromQueue task cost before running: 1 s 621 ms 
[2026-05-21T16:33:56.356] [INFO] debug-file - Finished :entry:default@ProcessIntegratedHsp... after 2 ms 
[2026-05-21T16:33:56.358] [DEBUG] debug-file - Executing task :entry:default@BuildNativeWithCmake
[2026-05-21T16:33:56.359] [DEBUG] debug-file - entry : default@BuildNativeWithCmake cost memory 0.25406646728515625
[2026-05-21T16:33:56.359] [DEBUG] debug-file - runTaskFromQueue task cost before running: 1 s 625 ms 
[2026-05-21T16:33:56.359] [INFO] debug-file - Finished :entry:default@BuildNativeWithCmake... after 1 ms 
[2026-05-21T16:33:56.361] [DEBUG] debug-file - Executing task :entry:default@MakePackInfo
[2026-05-21T16:33:56.364] [DEBUG] debug-file - Module Pack Info:  {
  summary: {
    app: { bundleName: 'c***a', bundleType: 'app', version: [Object] },
    modules: [ [Object] ]
  },
  packages: [
    {
      deviceType: [Array],
      moduleType: 'entry',
      deliveryWithInstall: true,
      name: 'entry-default'
    }
  ]
}
[2026-05-21T16:33:56.365] [DEBUG] debug-file - entry : default@MakePackInfo cost memory 0.14327239990234375
[2026-05-21T16:33:56.365] [DEBUG] debug-file - runTaskFromQueue task cost before running: 1 s 631 ms 
[2026-05-21T16:33:56.366] [INFO] debug-file - Finished :entry:default@MakePackInfo... after 5 ms 
[2026-05-21T16:33:56.367] [DEBUG] debug-file - Executing task :entry:default@SyscapTransform
[2026-05-21T16:33:56.368] [DEBUG] debug-file - File: 'E:\Grade3-2\HomenyOS\Homeworks\Homework2\MyAPP\entry\src\main\syscap.json' from 'sysCapJsonPath' is not exists, just ignore.
[2026-05-21T16:33:56.369] [DEBUG] debug-file - Task 'entry:default@SyscapTransform' cost while wrapping incremental declarations: 2 ms 
[2026-05-21T16:33:56.369] [DEBUG] debug-file - entry : default@SyscapTransform cost memory 0.0647125244140625
[2026-05-21T16:33:56.369] [DEBUG] debug-file - runTaskFromQueue task cost before running: 1 s 635 ms 
[2026-05-21T16:33:56.370] [INFO] debug-file - Finished :entry:default@SyscapTransform... after 3 ms 
[2026-05-21T16:33:56.373] [DEBUG] debug-file - Executing task :entry:default@ProcessProfile
[2026-05-21T16:33:56.374] [DEBUG] debug-file - Task 'entry:default@ProcessProfile' cost while wrapping incremental declarations: 1 ms 
[2026-05-21T16:33:56.377] [DEBUG] debug-file - [
  'D:\\DevEco Studio\\tools\\node\\node.exe',
  'D:\\DevEco Studio\\sdk\\default\\openharmony\\ets\\build-tools\\ets-loader\\bin\\ark\\ts2abc.js',
  '--target-api-version',
  '17'
]
[2026-05-21T16:33:56.562] [DEBUG] debug-file - 12.0.6.0
[2026-05-21T16:33:56.565] [DEBUG] debug-file - No need to add fake ui ability because of not in preview process.
[2026-05-21T16:33:56.566] [DEBUG] debug-file - entry : default@ProcessProfile cost memory 1.9249954223632812
[2026-05-21T16:33:56.566] [DEBUG] debug-file - runTaskFromQueue task cost before running: 1 s 832 ms 
[2026-05-21T16:33:56.567] [INFO] debug-file - Finished :entry:default@ProcessProfile... after 194 ms 
[2026-05-21T16:33:56.569] [DEBUG] debug-file - Executing task :entry:default@ProcessRouterMap
[2026-05-21T16:33:56.577] [DEBUG] debug-file - entry : default@ProcessRouterMap cost memory 0.205780029296875
[2026-05-21T16:33:56.577] [DEBUG] debug-file - runTaskFromQueue task cost before running: 1 s 843 ms 
[2026-05-21T16:33:56.579] [INFO] debug-file - Finished :entry:default@ProcessRouterMap... after 9 ms 
[2026-05-21T16:33:56.581] [DEBUG] debug-file - Executing task :entry:default@ProcessShareConfig
[2026-05-21T16:33:56.583] [DEBUG] debug-file - entry : default@ProcessShareConfig cost memory 0.06824493408203125
[2026-05-21T16:33:56.584] [DEBUG] debug-file - runTaskFromQueue task cost before running: 1 s 849 ms 
[2026-05-21T16:33:56.584] [INFO] debug-file - Finished :entry:default@ProcessShareConfig... after 3 ms 
[2026-05-21T16:33:56.587] [DEBUG] debug-file - Executing task :entry:default@ProcessStartupConfig
[2026-05-21T16:33:56.588] [DEBUG] debug-file - Task 'entry:default@ProcessStartupConfig' cost while wrapping incremental declarations: 1 ms 
[2026-05-21T16:33:56.589] [DEBUG] debug-file - entry : default@ProcessStartupConfig cost memory 0.08225250244140625
[2026-05-21T16:33:56.589] [DEBUG] debug-file - runTaskFromQueue task cost before running: 1 s 854 ms 
[2026-05-21T16:33:56.590] [INFO] debug-file - Finished :entry:default@ProcessStartupConfig... after 2 ms 
[2026-05-21T16:33:56.592] [DEBUG] debug-file - Executing task :entry:default@BuildNativeWithNinja
[2026-05-21T16:33:56.592] [DEBUG] debug-file - entry : default@BuildNativeWithNinja cost memory 0.02616119384765625
[2026-05-21T16:33:56.593] [DEBUG] debug-file - runTaskFromQueue task cost before running: 1 s 858 ms 
[2026-05-21T16:33:56.593] [INFO] debug-file - Finished :entry:default@BuildNativeWithNinja... after 1 ms 
[2026-05-21T16:33:56.595] [DEBUG] debug-file - restool module names: entry; moduleName=entry, taskName=default@ProcessResource
[2026-05-21T16:33:56.598] [DEBUG] debug-file - Executing task :entry:default@ProcessResource
[2026-05-21T16:33:56.599] [DEBUG] debug-file - Task 'entry:default@ProcessResource' cost while wrapping incremental declarations: 1 ms 
[2026-05-21T16:33:56.601] [DEBUG] debug-file - entry : default@ProcessResource cost memory 0.1723480224609375
[2026-05-21T16:33:56.602] [DEBUG] debug-file - runTaskFromQueue task cost before running: 1 s 868 ms 
[2026-05-21T16:33:56.604] [INFO] debug-file - Finished :entry:default@ProcessResource... after 5 ms 
[2026-05-21T16:33:56.609] [DEBUG] debug-file - Executing task :entry:default@GenerateLoaderJson
[2026-05-21T16:33:56.610] [DEBUG] debug-file - Task 'entry:default@GenerateLoaderJson' cost while wrapping incremental declarations: 1 ms 
[2026-05-21T16:33:56.627] [DEBUG] debug-file - entry : default@GenerateLoaderJson cost memory 0.6898193359375
[2026-05-21T16:33:56.627] [DEBUG] debug-file - runTaskFromQueue task cost before running: 1 s 893 ms 
[2026-05-21T16:33:56.632] [INFO] debug-file - Finished :entry:default@GenerateLoaderJson... after 19 ms 
[2026-05-21T16:33:56.634] [DEBUG] debug-file - Executing task :entry:default@ProcessLibs
[2026-05-21T16:33:56.642] [DEBUG] debug-file - Worker dispatch failed, running processLibs on main thread.
[2026-05-21T16:33:56.644] [DEBUG] debug-file - entry : default@ProcessLibs cost memory 0.320648193359375
[2026-05-21T16:33:56.644] [DEBUG] debug-file - runTaskFromQueue task cost before running: 1 s 910 ms 
[2026-05-21T16:33:56.645] [INFO] debug-file - Finished :entry:default@ProcessLibs... after 11 ms 
[2026-05-21T16:33:56.646] [DEBUG] debug-file - restool module names: entry; moduleName=entry, taskName=default@CompileResource
[2026-05-21T16:33:56.647] [DEBUG] debug-file - Executing task :entry:default@CompileResource
[2026-05-21T16:33:56.654] [DEBUG] debug-file - Use tool [D:\DevEco Studio\sdk\default\openharmony\toolchains\restool.exe]
 [
  'D:\\DevEco Studio\\sdk\\default\\openharmony\\toolchains\\restool.exe',
  '-l',
  'E:\\Grade3-2\\HomenyOS\\Homeworks\\Homework2\\MyAPP\\entry\\build\\default\\intermediates\\res\\default\\resConfig.json'
]
[2026-05-21T16:33:56.656] [DEBUG] debug-file - current process  memoryUsage: {
  rss: 191524864,
  heapTotal: 155672576,
  heapUsed: 116581240,
  external: 3193309,
  arrayBuffers: 165635
} os memoryUsage :12.055435180664062
[2026-05-21T16:33:56.770] [DEBUG] debug-file - Info: Pack: normal pack mode

[2026-05-21T16:33:56.887] [DEBUG] debug-file - Info: hardware concurrency count is : 12
Info: thread count is : 12

[2026-05-21T16:33:56.888] [DEBUG] debug-file - Info: thread pool is started

[2026-05-21T16:33:56.888] [DEBUG] debug-file - Info: GenericCompiler::CompileFiles

[2026-05-21T16:33:56.897] [DEBUG] debug-file - Info: GenericCompiler::CompileFiles

[2026-05-21T16:33:56.915] [DEBUG] debug-file - Info: GenericCompiler::CompileFiles

[2026-05-21T16:33:56.922] [DEBUG] debug-file - 05-21 16:33:56.922 44984 26120 E C01400/ImageTranscoderUtils: DecodeToRGBA IN
05-21 16:33:56.922 44984 26120 E C01400/ImageTranscoderUtils: ImageFilter IN E:\Grade3-2\HomenyOS\Homeworks\Homework2\MyAPP\AppScope\resources\base\media\app_icon.png

[2026-05-21T16:33:56.993] [DEBUG] debug-file - 05-21 16:33:56.993 44984 26120 E C01400/ImageTranscoder: TranscodeSLR Only zoom-out is supported.

[2026-05-21T16:33:56.993] [DEBUG] debug-file - Warning: ScaleImage failed, error message: INVALID_PARAMETERS, file path = E:\Grade3-2\HomenyOS\Homeworks\Homework2\MyAPP\AppScope\resources\base\media\app_icon.png

[2026-05-21T16:33:56.994] [DEBUG] debug-file - 05-21 16:33:56.994 44984 26120 E C01400/ImageTranscoderUtils: DecodeToRGBA IN

[2026-05-21T16:33:56.994] [DEBUG] debug-file - 05-21 16:33:56.994 44984 26120 E C01400/ImageTranscoderUtils: ImageFilter IN E:\Grade3-2\HomenyOS\Homeworks\Homework2\MyAPP\entry\src\main\resources\base\media\startIcon.png

[2026-05-21T16:33:57.008] [DEBUG] debug-file - 05-21 16:33:57.008 44984 26120 E C01400/ImageTranscoder: TranscodeSLR Only zoom-out is supported.

[2026-05-21T16:33:57.009] [DEBUG] debug-file - Warning: ScaleImage failed, error message: INVALID_PARAMETERS, file path = E:\Grade3-2\HomenyOS\Homeworks\Homework2\MyAPP\entry\src\main\resources\base\media\startIcon.png

[2026-05-21T16:33:57.010] [DEBUG] debug-file - Warning: The width or height of the png file referenced by the icon exceeds the limit (41 pixels)
at E:\Grade3-2\HomenyOS\Homeworks\Homework2\MyAPP\AppScope\resources\base\media\app_icon.png

[2026-05-21T16:33:57.010] [DEBUG] debug-file - Warning: The width or height of the png file referenced by the icon exceeds the limit (41 pixels)
at E:\Grade3-2\HomenyOS\Homeworks\Homework2\MyAPP\entry\src\main\resources\base\media\startIcon.png

[2026-05-21T16:33:57.015] [DEBUG] debug-file - Info: restool resources compile success.

[2026-05-21T16:33:57.016] [DEBUG] debug-file - Info: thread pool is stopped

[2026-05-21T16:33:57.085] [DEBUG] debug-file - entry : default@CompileResource cost memory 0.8452224731445312
[2026-05-21T16:33:57.085] [DEBUG] debug-file - runTaskFromQueue task cost before running: 2 s 351 ms 
[2026-05-21T16:33:57.095] [INFO] debug-file - Finished :entry:default@CompileResource... after 438 ms 
[2026-05-21T16:33:57.097] [DEBUG] debug-file - Executing task :entry:default@DoNativeStrip
[2026-05-21T16:33:57.097] [DEBUG] debug-file - File: 'E:\Grade3-2\HomenyOS\Homeworks\Homework2\MyAPP\entry\build\default\intermediates\binxo\default' from 'doBinxoNativeLibs' is not exists, just ignore.
[2026-05-21T16:33:57.098] [DEBUG] debug-file - Task 'entry:default@DoNativeStrip' cost while wrapping incremental declarations: 1 ms 
[2026-05-21T16:33:57.099] [DEBUG] debug-file - entry : default@DoNativeStrip cost memory 0.08695220947265625
[2026-05-21T16:33:57.100] [DEBUG] debug-file - runTaskFromQueue task cost before running: 2 s 365 ms 
[2026-05-21T16:33:57.100] [INFO] debug-file - Finished :entry:default@DoNativeStrip... after 3 ms 
[2026-05-21T16:33:57.101] [DEBUG] debug-file - Executing task :entry:default@CompileArkTS
[2026-05-21T16:33:57.102] [DEBUG] debug-file - obfuscationOptions: undefined
[2026-05-21T16:33:57.103] [DEBUG] debug-file - Task 'entry:default@CompileArkTS' cost while wrapping incremental declarations: 1 ms 
[2026-05-21T16:33:57.128] [DEBUG] debug-file - build config:
[2026-05-21T16:33:57.129] [DEBUG] debug-file - {
  moduleType: 'entry',
  perf: 0,
  targetName: '.default',
  packageManagerType: 'ohpm',
  localPropertiesPath: 'E:\\Grade3-2\\HomenyOS\\Homeworks\\Homework2\\MyAPP\\local.properties',
  isPreview: false,
  isOhosTest: false,
  isLocalTest: false,
  buildMode: 'Debug',
  hotReloadBuild: undefined,
  watchMode: 'false',
  aceProfilePath: 'E:\\Grade3-2\\HomenyOS\\Homeworks\\Homework2\\MyAPP\\entry\\build\\default\\intermediates\\res\\default\\resources\\base\\profile',
  etsLoaderPath: 'D:\\DevEco Studio\\sdk\\default\\openharmony\\ets\\build-tools\\ets-loader',
  modulePath: 'E:\\Grade3-2\\HomenyOS\\Homeworks\\Homework2\\MyAPP\\entry',
  testFrameworkPar: {
    testMode: undefined,
    coveragePathFilter: undefined,
    coverageMode: undefined
  },
  needCoverageInsert: false,
  debugLine: false,
  projectTopDir: 'E:\\Grade3-2\\HomenyOS\\Homeworks\\Homework2\\MyAPP',
  compileSdkVersion: 23,
  compatibleSdkVersion: 17,
  originCompatibleSdkVersion: '5.0.5(17)',
  compatibleSdkVersionStage: undefined,
  bundleName: 'c***a',
  etsLoaderVersion: '6.1.0.105',
  etsLoaderReleaseType: 'Release',
  aotCompileMode: 'type',
  apPath: 'E:\\Grade3-2\\HomenyOS\\Homeworks\\Homework2\\MyAPP\\entry\\modules.ap',
  entryModuleName: 'entry',
  entryModuleVersion: '1.0.0',
  entryPackageName: 'entry',
  allModuleNameHash: 'ec1247783dc41186ce7f6e9e79359b69c49c0a1f1ca1cc2a210575b04a9a447d',
  externalApiPaths: [ 'D:\\DevEco Studio\\sdk\\default\\hms\\ets' ],
  compilerTypes: [],
  isCrossplatform: false,
  hvigorPluginFile: undefined,
  compilePluginPath: undefined,
  buildGeneratedProfilePath: 'E:\\Grade3-2\\HomenyOS\\Homeworks\\Homework2\\MyAPP\\entry\\build\\default\\generated\\profile\\default',
  bundleType: 'app',
  arkTSVersion: undefined,
  apiVersion: 23,
  needCompleteSourcesMap: false,
  isFaMode: false,
  buildDir: 'E:\\Grade3-2\\HomenyOS\\Homeworks\\Homework2\\MyAPP\\entry\\build',
  deviceTypes: [ 'phone' ],
  pkgContextInfo: undefined,
  ohPackagePathMap: {},
  dependencyAliasMap: {},
  permission: {
    requestPermissions: [ [Object], [Object] ],
    definePermissions: undefined
  },
  useGetCurrentBundleName: false,
  projectArkOption: undefined,
  sourceMapDir: undefined,
  branchElimination: false,
  transformLib: undefined,
  tsImportSendable: false,
  resolveConflictMode: true,
  depName2RootPath: {},
  depName2DepInfo: {},
  depName2OhExports: {},
  rootPathSet: [ 'E:\\Grade3-2\\HomenyOS\\Homeworks\\Homework2\\MyAPP' ],
  useNativeResolver: true,
  shouldEmitJs: true,
  useTscResolve: false,
  singleFileEmit: false,
  userProjectConfig: {
    autoLazyImport: false,
    allowEmptyBundleName: false,
    reExportCheckMode: 'noCheck',
    executionMode: 'memory',
    usePathPlaceholder: false,
    writeRollupCache: true,
    isExpandImportEnabled: false,
    expandImportExclude: '',
    lazyImportExclude: '',
    lazyImportInclude: '',
    ignoreCrossplatformCheck: false,
    isHarDeduplicateEnabled: false,
    skipOhModulesLint: false,
    enableStrictCheckOHModule: false,
    disableSendableCheckRules: [],
    useDeclarationFileSignature: false,
    customizedOptions: undefined,
    integratedHsp: false,
    isPreloadSoEnabled: false
  },
  executionMode: 'memory',
  arkCompileCachePath: 'E:\\Grade3-2\\HomenyOS\\Homeworks\\Homework2\\MyAPP\\entry\\build\\default\\cache\\default\\default@CompileArkTS\\esmodule',
  autoLazyFilter: undefined,
  isHarDeduplicateEnabled: false,
  intermediateHarDuplicateDirPath: 'E:\\Grade3-2\\HomenyOS\\Homeworks\\Homework2\\MyAPP\\entry\\build\\default\\intermediates\\har_duplicate\\default',
  autoLazyImport: false,
  allowEmptyBundleName: false,
  reExportCheckMode: 'noCheck',
  usePathPlaceholder: false,
  writeRollupCache: true,
  isExpandImportEnabled: false,
  expandImportExclude: '',
  lazyImportExclude: '',
  lazyImportInclude: '',
  ignoreCrossplatformCheck: false,
  skipOhModulesLint: false,
  enableStrictCheckOHModule: false,
  disableSendableCheckRules: [],
  useDeclarationFileSignature: false,
  customizedOptions: undefined,
  integratedHsp: false,
  isPreloadSoEnabled: false,
  strictMode: undefined,
  useNormalizedOHMUrl: false,
  caseSensitiveCheck: false,
  aceModuleJsonPath: 'E:\\Grade3-2\\HomenyOS\\Homeworks\\Homework2\\MyAPP\\entry\\build\\default\\intermediates\\res\\default\\ark_module.json',
  appResource: 'E:\\Grade3-2\\HomenyOS\\Homeworks\\Homework2\\MyAPP\\entry\\build\\default\\intermediates\\res\\default\\ResourceTable.txt',
  rawFileResource: 'E:\\Grade3-2\\HomenyOS\\Homeworks\\Homework2\\MyAPP\\entry\\build\\default\\intermediates\\res\\default\\resources\\rawfile',
  resourceTableHash: '96019776952d892fdd8a13d9cc87e533ffbd7e19e651cdb2a9d2bbcf84ff8666',
  runtimeOS: 'HarmonyOS',
  sdkInfo: 'false:23:6.1.0.105:Release',
  aceModuleRoot: 'E:\\Grade3-2\\HomenyOS\\Homeworks\\Homework2\\MyAPP\\entry\\src\\main\\ets',
  compileMode: 'esmodule',
  aceSuperVisualPath: 'E:\\Grade3-2\\HomenyOS\\Homeworks\\Homework2\\MyAPP\\entry\\src\\main\\supervisual',
  aceBuildJson: 'E:\\Grade3-2\\HomenyOS\\Homeworks\\Homework2\\MyAPP\\entry\\build\\default\\intermediates\\loader\\default\\loader.json',
  cachePath: 'E:\\Grade3-2\\HomenyOS\\Homeworks\\Homework2\\MyAPP\\entry\\build\\default\\cache\\default\\default@CompileArkTS\\esmodule\\debug',
  aceModuleBuild: 'E:\\Grade3-2\\HomenyOS\\Homeworks\\Homework2\\MyAPP\\entry\\build\\default\\intermediates\\loader_out\\default\\ets',
  supportChunks: true,
  declaredFilesPath: undefined,
  shouldCollectDirectImportees: false,
  isByteCodeHarOptimize: false,
  expandImportPath: undefined,
  resourceTableTs: 'E:\\Grade3-2\\HomenyOS\\Homeworks\\Homework2\\MyAPP\\entry\\build\\default\\generated\\r\\default\\ResourceTable.ts',
  moduleMetaInfoFiles: [
    {
      filePath: 'E:\\Grade3-2\\HomenyOS\\Homeworks\\Homework2\\MyAPP\\entry\\build\\default\\generated\\r\\default\\ResourceTable.ts',
      ohmurl: 'com.example.pageanddata/entry/build/generated/r/ResourceTable'
    }
  ],
  pkgNameToPkgBriefInfo: {
    entry: {
      pkgRoot: 'E:\\Grade3-2\\HomenyOS\\Homeworks\\Homework2\\MyAPP\\entry',
      originalSourceRoots: undefined,
      sourceRoots: [Array],
      pkgName: 'entry'
    }
  },
  projectModel: {
    'E:\\Grade3-2\\HomenyOS\\Homeworks\\Homework2\\MyAPP\\entry\\src\\main': {
      moduleName: 'entry',
      modulePkgPath: 'E:\\Grade3-2\\HomenyOS\\Homeworks\\Homework2\\MyAPP\\entry',
      belongProjectPath: 'E:\\Grade3-2\\HomenyOS\\Homeworks\\Homework2\\MyAPP'
    },
    'E:\\Grade3-2\\HomenyOS\\Homeworks\\Homework2\\MyAPP\\entry\\.test\\default\\intermediates\\src\\ohosTest\\ets': {
      moduleName: 'entry',
      modulePkgPath: 'E:\\Grade3-2\\HomenyOS\\Homeworks\\Homework2\\MyAPP\\entry',
      belongProjectPath: 'E:\\Grade3-2\\HomenyOS\\Homeworks\\Homework2\\MyAPP'
    },
    'E:\\Grade3-2\\HomenyOS\\Homeworks\\Homework2\\MyAPP\\entry\\src\\ohosTest': {
      moduleName: 'entry',
      modulePkgPath: 'E:\\Grade3-2\\HomenyOS\\Homeworks\\Homework2\\MyAPP\\entry',
      belongProjectPath: 'E:\\Grade3-2\\HomenyOS\\Homeworks\\Homework2\\MyAPP'
    },
    'E:\\Grade3-2\\HomenyOS\\Homeworks\\Homework2\\MyAPP\\entry': {
      moduleName: 'entry',
      modulePkgPath: 'E:\\Grade3-2\\HomenyOS\\Homeworks\\Homework2\\MyAPP\\entry',
      belongProjectPath: 'E:\\Grade3-2\\HomenyOS\\Homeworks\\Homework2\\MyAPP'
    },
    'E:\\Grade3-2\\HomenyOS\\Homeworks\\Homework2\\MyAPP': {
      moduleName: 'MyAPP',
      modulePkgPath: 'E:\\Grade3-2\\HomenyOS\\Homeworks\\Homework2\\MyAPP',
      belongProjectPath: 'E:\\Grade3-2\\HomenyOS\\Homeworks\\Homework2\\MyAPP'
    }
  },
  pkgJsonFileHash: '99b9c10537b1adc4e77972e05cc305370c9176e50d92c5194cd08a1642f4c3bd',
  allModulePaths: [ 'E:\\Grade3-2\\HomenyOS\\Homeworks\\Homework2\\MyAPP\\entry' ],
  routerMap: {},
  obfuscationOptions: undefined,
  byteCodeHarToDependencyKeys: undefined,
  compileBlockPkg: [],
  mockParams: {
    decorator: '@MockSetup',
    packageName: '@ohos/hamock',
    etsSourceRootPath: 'src/main/ets',
    mockConfigPath: undefined,
    mockConfigKey2ModuleInfo: {},
    source2ModuleIdMap: {}
  },
  copyCodeResourceEnable: true,
  copyCodeResourceExcludes: [],
  copyCodeResourceIncludes: undefined,
  uiTransformOptimization: false,
  sdkPath: 'D:/DevEco Studio/sdk',
  needPreloadSoFileSet: {},
  preloadSoFilePath: 'E:\\Grade3-2\\HomenyOS\\Homeworks\\Homework2\\MyAPP\\entry\\build\\default\\intermediates\\preload\\default\\preload.json',
  useSourceHash: false,
  localModuleParamMap: {},
  otherPaths: {
    'entry/*': [
      '..\\*',
      '..\\..\\..\\build\\default\\generated\\profile\\default\\*'
    ]
  },
  collectImportersConfig: undefined
}
[2026-05-21T16:33:57.129] [DEBUG] debug-file - Compile arkts with external api path: D:\DevEco Studio\sdk\default\hms\ets
[2026-05-21T16:33:57.131] [DEBUG] debug-file - default@CompileArkTS work[0] is submitted.
[2026-05-21T16:33:57.132] [DEBUG] debug-file - default@CompileArkTS work[0] is pushed to ready queue.
[2026-05-21T16:33:57.132] [DEBUG] debug-file - A work dispatched to worker[11] failed because unable to get work from ready queue.
[2026-05-21T16:33:57.132] [DEBUG] debug-file - A work dispatched to worker[10] failed because unable to get work from ready queue.
[2026-05-21T16:33:57.132] [DEBUG] debug-file - A work dispatched to worker[9] failed because unable to get work from ready queue.
[2026-05-21T16:33:57.132] [DEBUG] debug-file - A work dispatched to worker[8] failed because unable to get work from ready queue.
[2026-05-21T16:33:57.132] [DEBUG] debug-file - A work dispatched to worker[7] failed because unable to get work from ready queue.
[2026-05-21T16:33:57.132] [DEBUG] debug-file - A work dispatched to worker[6] failed because unable to get work from ready queue.
[2026-05-21T16:33:57.133] [DEBUG] debug-file - A work dispatched to worker[5] failed because unable to get work from ready queue.
[2026-05-21T16:33:57.133] [DEBUG] debug-file - Create  resident worker with id: 4.
[2026-05-21T16:33:57.135] [DEBUG] debug-file - default@CompileArkTS work[0] has been dispatched to worker[4].
[2026-05-21T16:33:57.135] [DEBUG] debug-file - default@CompileArkTS work[0] is dispatched.
[2026-05-21T16:33:57.135] [DEBUG] debug-file - CopyResources startTime: 509889280736000
[2026-05-21T16:33:57.135] [DEBUG] debug-file - default@CompileArkTS work[1] is submitted.
[2026-05-21T16:33:57.136] [DEBUG] debug-file - default@CompileArkTS work[1] is pushed to ready queue.
[2026-05-21T16:33:57.136] [DEBUG] debug-file - A work dispatched to worker[11] failed because unable to get work from ready queue.
[2026-05-21T16:33:57.136] [DEBUG] debug-file - Create  resident worker with id: 10.
[2026-05-21T16:33:57.137] [DEBUG] debug-file - default@CompileArkTS work[1] has been dispatched to worker[10].
[2026-05-21T16:33:57.137] [DEBUG] debug-file - default@CompileArkTS work[1] is dispatched.
[2026-05-21T16:33:57.137] [DEBUG] debug-file - entry : default@CompileArkTS cost memory 1.6520233154296875
[2026-05-21T16:33:57.138] [DEBUG] debug-file - Executing task :entry:default@BuildJS
[2026-05-21T16:33:57.139] [DEBUG] debug-file - Task 'entry:default@BuildJS' cost while wrapping incremental declarations: 1 ms 
[2026-05-21T16:33:57.142] [DEBUG] debug-file - entry : default@BuildJS cost memory 0.15933990478515625
[2026-05-21T16:33:57.142] [DEBUG] debug-file - runTaskFromQueue task cost before running: 2 s 408 ms 
[2026-05-21T16:33:57.143] [INFO] debug-file - Finished :entry:default@BuildJS... after 4 ms 
[2026-05-21T16:33:57.146] [DEBUG] debug-file - Executing task :entry:default@CacheNativeLibs
[2026-05-21T16:33:57.148] [DEBUG] debug-file - File: 'E:\Grade3-2\HomenyOS\Homeworks\Homework2\MyAPP\entry\build\default\intermediates\binxo\default' from 'cacheBinxoNativeLibs' is not exists, just ignore.
[2026-05-21T16:33:57.149] [DEBUG] debug-file - Task 'entry:default@CacheNativeLibs' cost while wrapping incremental declarations: 3 ms 
[2026-05-21T16:33:57.151] [DEBUG] debug-file - default@CacheNativeLibs work[2] is submitted.
[2026-05-21T16:33:57.153] [DEBUG] debug-file - default@CacheNativeLibs work[2] is pushed to ready queue.
[2026-05-21T16:33:57.153] [DEBUG] debug-file - A work dispatched to worker[11] failed because unable to get work from ready queue.
[2026-05-21T16:33:57.153] [DEBUG] debug-file - A work dispatched to worker[10] failed because of worker busy.
[2026-05-21T16:33:57.153] [DEBUG] debug-file - Create  resident worker with id: 9.
[2026-05-21T16:33:57.155] [DEBUG] debug-file - default@CacheNativeLibs work[2] has been dispatched to worker[9].
[2026-05-21T16:33:57.155] [DEBUG] debug-file - default@CacheNativeLibs work[2] is dispatched.
[2026-05-21T16:33:57.155] [DEBUG] debug-file - entry : default@CacheNativeLibs cost memory 0.17928314208984375
[2026-05-21T16:33:58.605] [DEBUG] debug-file - worker[10] has one work done.
[2026-05-21T16:33:58.606] [DEBUG] debug-file - CopyResources is end, endTime: 509890751126200
[2026-05-21T16:33:58.607] [DEBUG] debug-file - default@CompileArkTS work[1] done.
[2026-05-21T16:33:58.607] [DEBUG] debug-file - A work dispatched to worker[10] failed because unable to get work from ready queue.
[2026-05-21T16:33:58.696] [DEBUG] debug-file - worker[9] has one work done.
[2026-05-21T16:33:58.696] [DEBUG] debug-file - default@CacheNativeLibs work[2] done.
[2026-05-21T16:33:58.696] [DEBUG] debug-file - A work dispatched to worker[9] failed because unable to get work from ready queue.
[2026-05-21T16:33:58.696] [INFO] debug-file - Finished :entry:default@CacheNativeLibs... after 15 ms 
[2026-05-21T16:34:10.402] [DEBUG] debug-file - worker[4] has one work done.
[2026-05-21T16:34:10.403] [DEBUG] debug-file - Ark compile task finished.finished time is 509902547571500
[2026-05-21T16:34:10.404] [DEBUG] debug-file - default@CompileArkTS work[0] done.
[2026-05-21T16:34:10.405] [DEBUG] debug-file - A work dispatched to worker[4] failed because unable to get work from ready queue.
[2026-05-21T16:34:10.407] [INFO] debug-file - Finished :entry:default@CompileArkTS... after 9 s 948 ms 
[2026-05-21T16:34:10.408] [DEBUG] debug-file - Executing task :entry:default@GeneratePkgModuleJson
[2026-05-21T16:34:10.409] [DEBUG] debug-file - File: 'E:\Grade3-2\HomenyOS\Homeworks\Homework2\MyAPP\entry\build\default\intermediates\preload\default\preload.json' from 'preloadSoJsonPath' is not exists, just ignore.
[2026-05-21T16:34:10.410] [DEBUG] debug-file - Error occurs while handling @Input 'shouldDeduplicateHar': The "data" argument must be of type string or an instance of Buffer, TypedArray, or DataView. Received undefined
[2026-05-21T16:34:10.410] [DEBUG] debug-file - Task 'entry:default@GeneratePkgModuleJson' cost while wrapping incremental declarations: 2 ms 
[2026-05-21T16:34:10.412] [DEBUG] debug-file - entry : default@GeneratePkgModuleJson cost memory 0.2113037109375
[2026-05-21T16:34:10.413] [DEBUG] debug-file - runTaskFromQueue task cost before running: 15 s 678 ms 
[2026-05-21T16:34:10.413] [INFO] debug-file - Finished :entry:default@GeneratePkgModuleJson... after 5 ms 
[2026-05-21T16:34:10.414] [DEBUG] debug-file - Executing task :entry:default@ProcessCompiledResources
[2026-05-21T16:34:10.414] [DEBUG] debug-file - File: 'E:\Grade3-2\HomenyOS\Homeworks\Homework2\MyAPP\entry\build\default\intermediates\preload\default\preload.json' from 'preloadSoJsonPath' is not exists, just ignore.
[2026-05-21T16:34:10.414] [DEBUG] debug-file - Task 'entry:default@ProcessCompiledResources' cost while wrapping incremental declarations: 1 ms 
[2026-05-21T16:34:10.415] [DEBUG] debug-file - entry : default@ProcessCompiledResources cost memory 0.06118011474609375
[2026-05-21T16:34:10.415] [DEBUG] debug-file - runTaskFromQueue task cost before running: 15 s 681 ms 
[2026-05-21T16:34:10.415] [INFO] debug-file - Finished :entry:default@ProcessCompiledResources... after 2 ms 
[2026-05-21T16:34:10.418] [DEBUG] debug-file - Executing task :entry:default@PackageHap
[2026-05-21T16:34:10.421] [DEBUG] debug-file - Use tool [D:\DevEco Studio\sdk\default\openharmony\toolchains\lib\app_packing_tool.jar]
 [
  'java',
  '-Dfile.encoding=GBK',
  '-jar',
  'D:\\DevEco Studio\\sdk\\default\\openharmony\\toolchains\\lib\\app_packing_tool.jar',
  '--mode',
  'hap',
  '--force',
  'true',
  '--lib-path',
  'E:\\Grade3-2\\HomenyOS\\Homeworks\\Homework2\\MyAPP\\entry\\build\\default\\intermediates\\stripped_native_libs\\default',
  '--json-path',
  'E:\\Grade3-2\\HomenyOS\\Homeworks\\Homework2\\MyAPP\\entry\\build\\default\\intermediates\\package\\default\\module.json',
  '--resources-path',
  'E:\\Grade3-2\\HomenyOS\\Homeworks\\Homework2\\MyAPP\\entry\\build\\default\\intermediates\\res\\default\\resources',
  '--index-path',
  'E:\\Grade3-2\\HomenyOS\\Homeworks\\Homework2\\MyAPP\\entry\\build\\default\\intermediates\\res\\default\\resources.index',
  '--pack-info-path',
  'E:\\Grade3-2\\HomenyOS\\Homeworks\\Homework2\\MyAPP\\entry\\build\\default\\outputs\\default\\pack.info',
  '--out-path',
  'E:\\Grade3-2\\HomenyOS\\Homeworks\\Homework2\\MyAPP\\entry\\build\\default\\outputs\\default\\entry-default-unsigned.hap',
  '--ets-path',
  'E:\\Grade3-2\\HomenyOS\\Homeworks\\Homework2\\MyAPP\\entry\\build\\default\\intermediates\\loader_out\\default\\ets',
  '--pkg-sdk-info-path',
  'E:\\Grade3-2\\HomenyOS\\Homeworks\\Homework2\\MyAPP\\entry\\build\\default\\intermediates\\loader\\default\\pkgSdkInfo.json'
]
[2026-05-21T16:34:10.422] [DEBUG] debug-file - default@PackageHap work[3] is submitted.
[2026-05-21T16:34:10.423] [DEBUG] debug-file - default@PackageHap work[3] is pushed to ready queue.
[2026-05-21T16:34:10.423] [DEBUG] debug-file - A work dispatched to worker[11] failed because unable to get work from ready queue.
[2026-05-21T16:34:10.423] [DEBUG] debug-file - default@PackageHap work[3] has been dispatched to worker[10].
[2026-05-21T16:34:10.423] [DEBUG] debug-file - default@PackageHap work[3] is dispatched.
[2026-05-21T16:34:10.426] [DEBUG] debug-file - entry : default@PackageHap cost memory 0.45442962646484375
[2026-05-21T16:34:10.715] [DEBUG] debug-file - current process  memoryUsage: {
  rss: 680263680,
  heapTotal: 51937280,
  heapUsed: 47975872,
  external: 2289948,
  arrayBuffers: 49386
} os memoryUsage :13.021492004394531
[2026-05-21T16:34:11.303] [DEBUG] debug-file - worker[10] has one work done.
[2026-05-21T16:34:11.303] [DEBUG] debug-file - default@PackageHap work[3] done.
[2026-05-21T16:34:11.303] [DEBUG] debug-file - A work dispatched to worker[10] failed because unable to get work from ready queue.
[2026-05-21T16:34:11.304] [INFO] debug-file - Finished :entry:default@PackageHap... after 599 ms 
[2026-05-21T16:34:11.306] [DEBUG] debug-file - Executing task :entry:default@PackingCheck
[2026-05-21T16:34:11.313] [DEBUG] debug-file - entry : default@PackingCheck cost memory 0.9167861938476562
[2026-05-21T16:34:11.313] [DEBUG] debug-file - runTaskFromQueue task cost before running: 16 s 579 ms 
[2026-05-21T16:34:11.314] [INFO] debug-file - Finished :entry:default@PackingCheck... after 8 ms 
[2026-05-21T16:34:11.315] [DEBUG] debug-file - Executing task :entry:default@SignHap
[2026-05-21T16:34:11.315] [WARN] debug-file - Will skip sign 'hos_hap'. No signingConfigs profile is configured in current project.
             If needed, configure the signingConfigs in E:\Grade3-2\HomenyOS\Homeworks\Homework2\MyAPP\build-profile.json5.
[2026-05-21T16:34:11.317] [DEBUG] debug-file - entry : default@SignHap cost memory 0.09508514404296875
[2026-05-21T16:34:11.317] [DEBUG] debug-file - runTaskFromQueue task cost before running: 16 s 583 ms 
[2026-05-21T16:34:11.317] [INFO] debug-file - Finished :entry:default@SignHap... after 3 ms 
[2026-05-21T16:34:11.319] [DEBUG] debug-file - Executing task :entry:default@CollectDebugSymbol
[2026-05-21T16:34:11.320] [DEBUG] debug-file - entry : default@CollectDebugSymbol cost memory 0.10329437255859375
[2026-05-21T16:34:11.321] [DEBUG] debug-file - runTaskFromQueue task cost before running: 16 s 586 ms 
[2026-05-21T16:34:11.321] [INFO] debug-file - Finished :entry:default@CollectDebugSymbol... after 2 ms 
[2026-05-21T16:34:11.321] [DEBUG] debug-file - Executing task :entry:assembleHap
[2026-05-21T16:34:11.321] [DEBUG] debug-file - entry : assembleHap cost memory 0.012847900390625
[2026-05-21T16:34:11.322] [DEBUG] debug-file - runTaskFromQueue task cost before running: 16 s 587 ms 
[2026-05-21T16:34:11.322] [INFO] debug-file - Finished :entry:assembleHap... after 1 ms 
[2026-05-21T16:34:11.334] [INFO] debug-file - BUILD SUCCESSFUL in 16 s 599 ms 
[2026-05-21T16:34:11.336] [DEBUG] debug-file - Update task entry:default@PreBuild input file:E:\Grade3-2\HomenyOS\Homeworks\Homework2\MyAPP\AppScope\app.json5 cache by regenerate.
[2026-05-21T16:34:11.337] [DEBUG] debug-file - Update task entry:default@PreBuild input file:E:\Grade3-2\HomenyOS\Homeworks\Homework2\MyAPP\entry\src\main\module.json5 cache by regenerate.
[2026-05-21T16:34:11.337] [DEBUG] debug-file - Update task entry:default@PreBuild input file:E:\Grade3-2\HomenyOS\Homeworks\Homework2\MyAPP\build-profile.json5 cache by regenerate.
[2026-05-21T16:34:11.338] [DEBUG] debug-file - Update task entry:default@PreBuild input file:E:\Grade3-2\HomenyOS\Homeworks\Homework2\MyAPP\entry\build-profile.json5 cache by regenerate.
[2026-05-21T16:34:11.338] [DEBUG] debug-file - Update task entry:default@PreBuild input file:E:\Grade3-2\HomenyOS\Homeworks\Homework2\MyAPP\entry\src\main\resources\base\profile\route_map.json cache by regenerate.
[2026-05-21T16:34:11.338] [DEBUG] debug-file - Update task entry:default@PreBuild input file:E:\Grade3-2\HomenyOS\Homeworks\Homework2\MyAPP\entry\src\main\resources\base\profile\main_pages.json cache by regenerate.
[2026-05-21T16:34:11.339] [DEBUG] debug-file - Update task entry:default@PreBuild input file:E:\Grade3-2\HomenyOS\Homeworks\Homework2\MyAPP\hvigor\hvigor-config.json5 cache by regenerate.
[2026-05-21T16:34:11.341] [DEBUG] debug-file - Update task entry:default@PreBuild input file:E:\Grade3-2\HomenyOS\Homeworks\Homework2\MyAPP\entry\oh-package.json5 cache by regenerate.
[2026-05-21T16:34:11.342] [DEBUG] debug-file - Update task entry:default@PreBuild input file:E:\Grade3-2\HomenyOS\Homeworks\Homework2\MyAPP\oh-package.json5 cache by regenerate.
[2026-05-21T16:34:11.343] [DEBUG] debug-file - Incremental task entry:default@PreBuild post-execution cost:8 ms .
[2026-05-21T16:34:11.343] [DEBUG] debug-file - Update task entry:default@CreateModuleInfo output file:E:\Grade3-2\HomenyOS\Homeworks\Homework2\MyAPP\entry\build\default\generated\profile\default\ModuleInfo.ts cache.
[2026-05-21T16:34:11.343] [DEBUG] debug-file - Incremental task entry:default@CreateModuleInfo post-execution cost:1 ms .
[2026-05-21T16:34:11.343] [DEBUG] debug-file - Update task entry:default@GenerateMetadata input file:E:\Grade3-2\HomenyOS\Homeworks\Homework2\MyAPP\entry\src\main\module.json5 cache by regenerate.
[2026-05-21T16:34:11.344] [DEBUG] debug-file - Update task entry:default@GenerateMetadata output file:E:\Grade3-2\HomenyOS\Homeworks\Homework2\MyAPP\entry\build\default\intermediates\hap_metadata\default\output_metadata.json cache.
[2026-05-21T16:34:11.344] [DEBUG] debug-file - Incremental task entry:default@GenerateMetadata post-execution cost:1 ms .
[2026-05-21T16:34:11.344] [DEBUG] debug-file - Update task entry:default@MergeProfile input file:E:\Grade3-2\HomenyOS\Homeworks\Homework2\MyAPP\AppScope\app.json5 cache by regenerate.
[2026-05-21T16:34:11.344] [DEBUG] debug-file - Update task entry:default@MergeProfile input file:E:\Grade3-2\HomenyOS\Homeworks\Homework2\MyAPP\build-profile.json5 cache by regenerate.
[2026-05-21T16:34:11.344] [DEBUG] debug-file - Update task entry:default@MergeProfile input file:E:\Grade3-2\HomenyOS\Homeworks\Homework2\MyAPP\entry\src\main\module.json5 cache by regenerate.
[2026-05-21T16:34:11.345] [DEBUG] debug-file - Update task entry:default@MergeProfile output file:E:\Grade3-2\HomenyOS\Homeworks\Homework2\MyAPP\entry\build\default\intermediates\merge_profile\default\module.json cache.
[2026-05-21T16:34:11.345] [DEBUG] debug-file - Incremental task entry:default@MergeProfile post-execution cost:2 ms .
[2026-05-21T16:34:11.346] [DEBUG] debug-file - Update task entry:default@CreateBuildProfile input file:E:\Grade3-2\HomenyOS\Homeworks\Homework2\MyAPP\AppScope\app.json5 cache by regenerate.
[2026-05-21T16:34:11.346] [DEBUG] debug-file - Update task entry:default@CreateBuildProfile input file:E:\Grade3-2\HomenyOS\Homeworks\Homework2\MyAPP\build-profile.json5 cache by regenerate.
[2026-05-21T16:34:11.346] [DEBUG] debug-file - Update task entry:default@CreateBuildProfile output file:E:\Grade3-2\HomenyOS\Homeworks\Homework2\MyAPP\entry\build\default\generated\profile\default\BuildProfile.ets cache.
[2026-05-21T16:34:11.346] [DEBUG] debug-file - Incremental task entry:default@CreateBuildProfile post-execution cost:1 ms .
[2026-05-21T16:34:11.346] [DEBUG] debug-file - Update task entry:default@GeneratePkgContextInfo output file:E:\Grade3-2\HomenyOS\Homeworks\Homework2\MyAPP\entry\build\default\intermediates\loader\default\pkgContextInfo.json cache.
[2026-05-21T16:34:11.347] [DEBUG] debug-file - Incremental task entry:default@GeneratePkgContextInfo post-execution cost:1 ms .
[2026-05-21T16:34:11.347] [DEBUG] debug-file - Update task entry:default@GeneratePkgSdkInfo output file:E:\Grade3-2\HomenyOS\Homeworks\Homework2\MyAPP\entry\build\default\intermediates\loader\default\pkgSdkInfo.json cache.
[2026-05-21T16:34:11.347] [DEBUG] debug-file - Incremental task entry:default@GeneratePkgSdkInfo post-execution cost:1 ms .
[2026-05-21T16:34:11.347] [DEBUG] debug-file - Update task entry:default@ProcessIntegratedHsp output file:E:\Grade3-2\HomenyOS\Homeworks\Homework2\MyAPP\build\cache\default\integrated_hsp\integratedHspCache.json cache.
[2026-05-21T16:34:11.348] [DEBUG] debug-file - Incremental task entry:default@ProcessIntegratedHsp post-execution cost:1 ms .
[2026-05-21T16:34:11.348] [DEBUG] debug-file - Update task entry:default@MakePackInfo input file:E:\Grade3-2\HomenyOS\Homeworks\Homework2\MyAPP\AppScope\app.json5 cache by regenerate.
[2026-05-21T16:34:11.348] [DEBUG] debug-file - Update task entry:default@MakePackInfo input file:E:\Grade3-2\HomenyOS\Homeworks\Homework2\MyAPP\entry\src\main\module.json5 cache by regenerate.
[2026-05-21T16:34:11.348] [DEBUG] debug-file - Update task entry:default@MakePackInfo input file:E:\Grade3-2\HomenyOS\Homeworks\Homework2\MyAPP\build-profile.json5 cache by regenerate.
[2026-05-21T16:34:11.349] [DEBUG] debug-file - Update task entry:default@MakePackInfo output file:E:\Grade3-2\HomenyOS\Homeworks\Homework2\MyAPP\entry\build\default\outputs\default\pack.info cache.
[2026-05-21T16:34:11.349] [DEBUG] debug-file - Incremental task entry:default@MakePackInfo post-execution cost:2 ms .
[2026-05-21T16:34:11.349] [DEBUG] debug-file - Update task entry:default@SyscapTransform input file:D:\DevEco Studio\sdk\default\openharmony\toolchains\syscap_tool.exe cache by regenerate.
[2026-05-21T16:34:11.350] [DEBUG] debug-file - Update task entry:default@SyscapTransform input file:D:\DevEco Studio\sdk\default\openharmony\ets\api\device-define cache by regenerate.
[2026-05-21T16:34:11.352] [DEBUG] debug-file - Update task entry:default@SyscapTransform output file:E:\Grade3-2\HomenyOS\Homeworks\Homework2\MyAPP\entry\build\default\intermediates\syscap\default\rpcid.sc cache.
[2026-05-21T16:34:11.353] [DEBUG] debug-file - Incremental task entry:default@SyscapTransform post-execution cost:4 ms .
[2026-05-21T16:34:11.353] [DEBUG] debug-file - Update task entry:default@ProcessProfile input file:E:\Grade3-2\HomenyOS\Homeworks\Homework2\MyAPP\entry\build\default\intermediates\merge_profile\default\module.json cache by regenerate.
[2026-05-21T16:34:11.353] [DEBUG] debug-file - Update task entry:default@ProcessProfile output file:E:\Grade3-2\HomenyOS\Homeworks\Homework2\MyAPP\entry\build\default\intermediates\process_profile\default\module.json cache.
[2026-05-21T16:34:11.354] [DEBUG] debug-file - Incremental task entry:default@ProcessProfile post-execution cost:1 ms .
[2026-05-21T16:34:11.355] [DEBUG] debug-file - Update task entry:default@ProcessRouterMap input file:E:\Grade3-2\HomenyOS\Homeworks\Homework2\MyAPP\entry\oh-package.json5 cache by regenerate.
[2026-05-21T16:34:11.356] [DEBUG] debug-file - Update task entry:default@ProcessRouterMap input file:E:\Grade3-2\HomenyOS\Homeworks\Homework2\MyAPP\oh-package.json5 cache by regenerate.
[2026-05-21T16:34:11.356] [DEBUG] debug-file - Update task entry:default@ProcessRouterMap input file:E:\Grade3-2\HomenyOS\Homeworks\Homework2\MyAPP\entry\src\main\module.json5 cache by regenerate.
[2026-05-21T16:34:11.357] [DEBUG] debug-file - Update task entry:default@ProcessRouterMap input file:E:\Grade3-2\HomenyOS\Homeworks\Homework2\MyAPP\entry\src\main\resources\base\profile\route_map.json cache by regenerate.
[2026-05-21T16:34:11.357] [DEBUG] debug-file - Update task entry:default@ProcessRouterMap output file:E:\Grade3-2\HomenyOS\Homeworks\Homework2\MyAPP\entry\build\default\intermediates\router_map\default\route_map.json cache.
[2026-05-21T16:34:11.357] [DEBUG] debug-file - Update task entry:default@ProcessRouterMap output file:E:\Grade3-2\HomenyOS\Homeworks\Homework2\MyAPP\entry\build\default\intermediates\router_map\default\loader-router-map.json cache.
[2026-05-21T16:34:11.358] [DEBUG] debug-file - Incremental task entry:default@ProcessRouterMap post-execution cost:4 ms .
[2026-05-21T16:34:11.358] [DEBUG] debug-file - Update task entry:default@ProcessShareConfig input file:E:\Grade3-2\HomenyOS\Homeworks\Homework2\MyAPP\entry\oh-package.json5 cache by regenerate.
[2026-05-21T16:34:11.358] [DEBUG] debug-file - Update task entry:default@ProcessShareConfig input file:E:\Grade3-2\HomenyOS\Homeworks\Homework2\MyAPP\oh-package.json5 cache by regenerate.
[2026-05-21T16:34:11.359] [DEBUG] debug-file - Update task entry:default@ProcessShareConfig input file:E:\Grade3-2\HomenyOS\Homeworks\Homework2\MyAPP\entry\src\main\module.json5 cache by regenerate.
[2026-05-21T16:34:11.359] [DEBUG] debug-file - Update task entry:default@ProcessShareConfig output file:E:\Grade3-2\HomenyOS\Homeworks\Homework2\MyAPP\entry\build\default\intermediates\share_config\default\temp-share-config.json cache.
[2026-05-21T16:34:11.359] [DEBUG] debug-file - Incremental task entry:default@ProcessShareConfig post-execution cost:2 ms .
[2026-05-21T16:34:11.359] [DEBUG] debug-file - Update task entry:default@ProcessStartupConfig output file:E:\Grade3-2\HomenyOS\Homeworks\Homework2\MyAPP\entry\build\default\intermediates\startup\default\startup_config.json cache.
[2026-05-21T16:34:11.360] [DEBUG] debug-file - Incremental task entry:default@ProcessStartupConfig post-execution cost:1 ms .
[2026-05-21T16:34:11.360] [DEBUG] debug-file - Update task entry:default@ProcessResource output file:E:\Grade3-2\HomenyOS\Homeworks\Homework2\MyAPP\entry\build\default\intermediates\res\default\resConfig.json cache.
[2026-05-21T16:34:11.360] [DEBUG] debug-file - Update task entry:default@ProcessResource output file:E:\Grade3-2\HomenyOS\Homeworks\Homework2\MyAPP\entry\build\default\intermediates\res\default\opt-compression.json cache.
[2026-05-21T16:34:11.360] [DEBUG] debug-file - Incremental task entry:default@ProcessResource post-execution cost:1 ms .
[2026-05-21T16:34:11.361] [DEBUG] debug-file - Update task entry:default@GenerateLoaderJson input file:E:\Grade3-2\HomenyOS\Homeworks\Homework2\MyAPP\entry\build\default\intermediates\router_map\default\loader-router-map.json cache by regenerate.
[2026-05-21T16:34:11.362] [DEBUG] debug-file - Update task entry:default@GenerateLoaderJson input file:E:\Grade3-2\HomenyOS\Homeworks\Homework2\MyAPP\entry\build\default\intermediates\router_map\default\route_map.json cache by regenerate.
[2026-05-21T16:34:11.362] [DEBUG] debug-file - Update task entry:default@GenerateLoaderJson output file:E:\Grade3-2\HomenyOS\Homeworks\Homework2\MyAPP\entry\build\default\intermediates\loader\default\loader.json cache.
[2026-05-21T16:34:11.362] [DEBUG] debug-file - Incremental task entry:default@GenerateLoaderJson post-execution cost:2 ms .
[2026-05-21T16:34:11.362] [DEBUG] debug-file - Update task entry:default@ProcessLibs input file:E:\Grade3-2\HomenyOS\Homeworks\Homework2\MyAPP\build-profile.json5 cache by regenerate.
[2026-05-21T16:34:11.362] [DEBUG] debug-file - Update task entry:default@ProcessLibs input file:E:\Grade3-2\HomenyOS\Homeworks\Homework2\MyAPP\entry\build-profile.json5 cache by regenerate.
[2026-05-21T16:34:11.363] [DEBUG] debug-file - Update task entry:default@ProcessLibs output file:E:\Grade3-2\HomenyOS\Homeworks\Homework2\MyAPP\entry\build\default\intermediates\libs\default cache.
[2026-05-21T16:34:11.363] [DEBUG] debug-file - Incremental task entry:default@ProcessLibs post-execution cost:1 ms .
[2026-05-21T16:34:11.365] [DEBUG] debug-file - Update task entry:default@CompileResource input file:E:\Grade3-2\HomenyOS\Homeworks\Homework2\MyAPP\entry\src\main\resources cache by regenerate.
[2026-05-21T16:34:11.371] [DEBUG] debug-file - Update task entry:default@CompileResource input file:E:\Grade3-2\HomenyOS\Homeworks\Homework2\MyAPP\AppScope\resources cache by regenerate.
[2026-05-21T16:34:11.373] [DEBUG] debug-file - Update task entry:default@CompileResource input file:E:\Grade3-2\HomenyOS\Homeworks\Homework2\MyAPP\entry\build\default\intermediates\process_profile\default\module.json cache by regenerate.
[2026-05-21T16:34:11.374] [DEBUG] debug-file - Update task entry:default@CompileResource input file:E:\Grade3-2\HomenyOS\Homeworks\Homework2\MyAPP\entry\build\default\intermediates\router_map\default\route_map.json cache by regenerate.
[2026-05-21T16:34:11.374] [DEBUG] debug-file - Update task entry:default@CompileResource input file:E:\Grade3-2\HomenyOS\Homeworks\Homework2\MyAPP\entry\build\default\intermediates\res\default\resConfig.json cache by regenerate.
[2026-05-21T16:34:11.374] [DEBUG] debug-file - Update task entry:default@CompileResource output file:E:\Grade3-2\HomenyOS\Homeworks\Homework2\MyAPP\entry\build\default\intermediates\res\default cache.
[2026-05-21T16:34:11.381] [DEBUG] debug-file - Update task entry:default@CompileResource output file:E:\Grade3-2\HomenyOS\Homeworks\Homework2\MyAPP\entry\build\default\generated\r\default\ResourceTable.h cache.
[2026-05-21T16:34:11.381] [DEBUG] debug-file - Update task entry:default@CompileResource output file:E:\Grade3-2\HomenyOS\Homeworks\Homework2\MyAPP\entry\build\default\generated\r\default\ResourceTable.ts cache.
[2026-05-21T16:34:11.382] [DEBUG] debug-file - Update task entry:default@CompileResource output file:E:\Grade3-2\HomenyOS\Homeworks\Homework2\MyAPP\entry\build\default\generated\r\default cache.
[2026-05-21T16:34:11.382] [DEBUG] debug-file - Incremental task entry:default@CompileResource post-execution cost:20 ms .
[2026-05-21T16:34:11.382] [DEBUG] debug-file - Update task entry:default@DoNativeStrip input file:E:\Grade3-2\HomenyOS\Homeworks\Homework2\MyAPP\entry\build\default\intermediates\libs\default cache by regenerate.
[2026-05-21T16:34:11.383] [DEBUG] debug-file - Update task entry:default@DoNativeStrip output file:E:\Grade3-2\HomenyOS\Homeworks\Homework2\MyAPP\entry\build\default\intermediates\stripped_native_libs\default cache.
[2026-05-21T16:34:11.383] [DEBUG] debug-file - Incremental task entry:default@DoNativeStrip post-execution cost:1 ms .
[2026-05-21T16:34:11.384] [DEBUG] debug-file - Update task entry:default@CompileArkTS input file:E:\Grade3-2\HomenyOS\Homeworks\Homework2\MyAPP\entry\build\default\intermediates\loader\default cache by regenerate.
[2026-05-21T16:34:11.385] [DEBUG] debug-file - Update task entry:default@CompileArkTS input file:E:\Grade3-2\HomenyOS\Homeworks\Homework2\MyAPP\entry\build\default\intermediates\res\default\ResourceTable.txt cache by regenerate.
[2026-05-21T16:34:11.386] [DEBUG] debug-file - Update task entry:default@CompileArkTS input file:E:\Grade3-2\HomenyOS\Homeworks\Homework2\MyAPP\entry\build\default\intermediates\res\default\ark_module.json cache by regenerate.
[2026-05-21T16:34:11.386] [DEBUG] debug-file - Update task entry:default@CompileArkTS input file:E:\Grade3-2\HomenyOS\Homeworks\Homework2\MyAPP\entry\build\default\intermediates\res\default\resources\base\profile cache by regenerate.
[2026-05-21T16:34:11.386] [DEBUG] debug-file - Update task entry:default@CompileArkTS input file:E:\Grade3-2\HomenyOS\Homeworks\Homework2\MyAPP\entry\src\main\ets cache by regenerate.
[2026-05-21T16:34:11.389] [DEBUG] debug-file - Update task entry:default@CompileArkTS input file:E:\Grade3-2\HomenyOS\Homeworks\Homework2\MyAPP\entry\build\default\generated\profile\default\BuildProfile.ets cache by regenerate.
[2026-05-21T16:34:11.389] [DEBUG] debug-file - Update task entry:default@CompileArkTS output file:E:\Grade3-2\HomenyOS\Homeworks\Homework2\MyAPP\entry\build\default\intermediates\loader_out\default\ets cache.
[2026-05-21T16:34:11.390] [DEBUG] debug-file - Incremental task entry:default@CompileArkTS post-execution cost:7 ms .
[2026-05-21T16:34:11.391] [DEBUG] debug-file - Update task entry:default@BuildJS input file:E:\Grade3-2\HomenyOS\Homeworks\Homework2\MyAPP\entry\build\default\intermediates\loader\default cache by regenerate.
[2026-05-21T16:34:11.391] [DEBUG] debug-file - Update task entry:default@BuildJS input file:E:\Grade3-2\HomenyOS\Homeworks\Homework2\MyAPP\entry\build\default\intermediates\res\default\ResourceTable.txt cache by regenerate.
[2026-05-21T16:34:11.391] [DEBUG] debug-file - Update task entry:default@BuildJS input file:E:\Grade3-2\HomenyOS\Homeworks\Homework2\MyAPP\entry\build\default\intermediates\res\default\ark_module.json cache by regenerate.
[2026-05-21T16:34:11.391] [DEBUG] debug-file - Update task entry:default@BuildJS input file:E:\Grade3-2\HomenyOS\Homeworks\Homework2\MyAPP\entry\build\default\intermediates\res\default\resources\base\profile cache by regenerate.
[2026-05-21T16:34:11.392] [DEBUG] debug-file - Update task entry:default@BuildJS output file:E:\Grade3-2\HomenyOS\Homeworks\Homework2\MyAPP\entry\build\default\intermediates\loader_out\default\js cache.
[2026-05-21T16:34:11.392] [DEBUG] debug-file - Incremental task entry:default@BuildJS post-execution cost:2 ms .
[2026-05-21T16:34:11.392] [DEBUG] debug-file - Update task entry:default@CacheNativeLibs input file:E:\Grade3-2\HomenyOS\Homeworks\Homework2\MyAPP\entry\build\default\intermediates\stripped_native_libs\default cache by regenerate.
[2026-05-21T16:34:11.392] [DEBUG] debug-file - Update task entry:default@CacheNativeLibs input file:E:\Grade3-2\HomenyOS\Homeworks\Homework2\MyAPP\entry\build\default\intermediates\libs\default cache by regenerate.
[2026-05-21T16:34:11.392] [DEBUG] debug-file - Update task entry:default@CacheNativeLibs output file:E:\Grade3-2\HomenyOS\Homeworks\Homework2\MyAPP\entry\build\default\intermediates\patch\default\base_native_libs.json cache.
[2026-05-21T16:34:11.392] [DEBUG] debug-file - Update task entry:default@CacheNativeLibs output file:E:\Grade3-2\HomenyOS\Homeworks\Homework2\MyAPP\entry\build\default\intermediates\patch\default\binxo_native_libs.json cache.
[2026-05-21T16:34:11.393] [DEBUG] debug-file - Incremental task entry:default@CacheNativeLibs post-execution cost:1 ms .
[2026-05-21T16:34:11.393] [DEBUG] debug-file - Update task entry:default@GeneratePkgModuleJson input file:E:\Grade3-2\HomenyOS\Homeworks\Homework2\MyAPP\entry\build\default\intermediates\res\default\module.json cache by regenerate.
[2026-05-21T16:34:11.393] [DEBUG] debug-file - Update task entry:default@GeneratePkgModuleJson output file:E:\Grade3-2\HomenyOS\Homeworks\Homework2\MyAPP\entry\build\default\intermediates\package\default\module.json cache.
[2026-05-21T16:34:11.393] [DEBUG] debug-file - Incremental task entry:default@GeneratePkgModuleJson post-execution cost:1 ms .
[2026-05-21T16:34:11.393] [DEBUG] debug-file - Incremental task entry:default@ProcessCompiledResources post-execution cost:1 ms .
[2026-05-21T16:34:11.393] [DEBUG] debug-file - Update task entry:default@PackageHap input file:E:\Grade3-2\HomenyOS\Homeworks\Homework2\MyAPP\entry\build\default\intermediates\stripped_native_libs\default cache by regenerate.
[2026-05-21T16:34:11.394] [DEBUG] debug-file - Update task entry:default@PackageHap input file:E:\Grade3-2\HomenyOS\Homeworks\Homework2\MyAPP\entry\build\default\intermediates\res\default\module.json cache by regenerate.
[2026-05-21T16:34:11.394] [DEBUG] debug-file - Update task entry:default@PackageHap input file:E:\Grade3-2\HomenyOS\Homeworks\Homework2\MyAPP\entry\build\default\intermediates\res\default\resources cache by regenerate.
[2026-05-21T16:34:11.397] [DEBUG] debug-file - Update task entry:default@PackageHap input file:E:\Grade3-2\HomenyOS\Homeworks\Homework2\MyAPP\entry\build\default\intermediates\res\default\resources.index cache by regenerate.
[2026-05-21T16:34:11.397] [DEBUG] debug-file - Update task entry:default@PackageHap input file:E:\Grade3-2\HomenyOS\Homeworks\Homework2\MyAPP\entry\build\default\outputs\default\pack.info cache by regenerate.
[2026-05-21T16:34:11.397] [DEBUG] debug-file - Update task entry:default@PackageHap input file:E:\Grade3-2\HomenyOS\Homeworks\Homework2\MyAPP\entry\build\default\intermediates\loader_out\default\ets cache by regenerate.
[2026-05-21T16:34:11.398] [DEBUG] debug-file - Update task entry:default@PackageHap input file:E:\Grade3-2\HomenyOS\Homeworks\Homework2\MyAPP\entry\build\default\intermediates\loader\default\pkgSdkInfo.json cache by regenerate.
[2026-05-21T16:34:11.398] [DEBUG] debug-file - Update task entry:default@PackageHap input file:E:\Grade3-2\HomenyOS\Homeworks\Homework2\MyAPP\entry\build\default\intermediates\loader_out\default\ets\sourceMaps.map cache by regenerate.
[2026-05-21T16:34:11.398] [DEBUG] debug-file - Update task entry:default@PackageHap input file:E:\Grade3-2\HomenyOS\Homeworks\Homework2\MyAPP\entry\build\default\generated\profile\default\BuildProfile.ets cache by regenerate.
[2026-05-21T16:34:11.398] [DEBUG] debug-file - Update task entry:default@PackageHap output file:E:\Grade3-2\HomenyOS\Homeworks\Homework2\MyAPP\entry\build\default\outputs\default\entry-default-unsigned.hap cache.
[2026-05-21T16:34:11.398] [DEBUG] debug-file - Update task entry:default@PackageHap output file:E:\Grade3-2\HomenyOS\Homeworks\Homework2\MyAPP\entry\build\default\intermediates\source_map\default\sourceMaps.map cache.
[2026-05-21T16:34:11.399] [DEBUG] debug-file - Update task entry:default@PackageHap output file:E:\Grade3-2\HomenyOS\Homeworks\Homework2\MyAPP\entry\build\default\outputs\default\mapping\sourceMaps.map cache.
[2026-05-21T16:34:11.399] [DEBUG] debug-file - Incremental task entry:default@PackageHap post-execution cost:6 ms .
[2026-05-21T16:34:11.399] [DEBUG] debug-file - Update task entry:default@SignHap input file:E:\Grade3-2\HomenyOS\Homeworks\Homework2\MyAPP\entry\build\default\outputs\default\entry-default-unsigned.hap cache by regenerate.
[2026-05-21T16:34:11.399] [DEBUG] debug-file - Update task entry:default@SignHap output file:E:\Grade3-2\HomenyOS\Homeworks\Homework2\MyAPP\entry\build\default\outputs\default\entry-default-signed.hap cache.
[2026-05-21T16:34:11.399] [DEBUG] debug-file - Incremental task entry:default@SignHap post-execution cost:1 ms .
[2026-05-21T16:34:11.400] [DEBUG] debug-file - Update task entry:default@CollectDebugSymbol input file:E:\Grade3-2\HomenyOS\Homeworks\Homework2\MyAPP\entry\build\default\intermediates\loader_out\default\ets\sourceMaps.map cache by regenerate.
[2026-05-21T16:34:11.400] [DEBUG] debug-file - Update task entry:default@CollectDebugSymbol input file:E:\Grade3-2\HomenyOS\Homeworks\Homework2\MyAPP\entry\build\default\intermediates\libs\default cache by regenerate.
[2026-05-21T16:34:11.400] [DEBUG] debug-file - Update task entry:default@CollectDebugSymbol output file:E:\Grade3-2\HomenyOS\Homeworks\Homework2\MyAPP\entry\build\default\outputs\default\symbol cache.
[2026-05-21T16:34:11.400] [DEBUG] debug-file - Incremental task entry:default@CollectDebugSymbol post-execution cost:1 ms .
[2026-05-21T16:34:11.432] [DEBUG] debug-file - Cleanup worker 9.
[2026-05-21T16:34:11.432] [DEBUG] debug-file - Worker 9 has been cleaned up.
[2026-05-21T16:34:11.432] [DEBUG] debug-file - Current idle worker size: 2.
[2026-05-21T16:34:11.433] [DEBUG] debug-file - Current resident worker size: 3.
[2026-05-21T16:34:11.433] [DEBUG] debug-file - Cleanup worker 10.
[2026-05-21T16:34:11.433] [DEBUG] debug-file - Worker 10 has been cleaned up.
[2026-05-21T16:34:11.433] [DEBUG] debug-file - Current idle worker size: 1.
[2026-05-21T16:34:11.433] [DEBUG] debug-file - Current resident worker size: 3.
[2026-05-21T16:34:11.434] [DEBUG] debug-file - hvigor build process will be closed.
[2026-05-21T16:34:11.443] [DEBUG] debug-file - session manager: send message to worker process.
[2026-05-21T16:34:11.444] [DEBUG] debug-file - session manager: send message to worker process.
[2026-05-21T16:34:11.449] [DEBUG] debug-file - worker[10] exits with exit code 1.
[2026-05-21T16:34:11.462] [DEBUG] debug-file - watch worker: worker id should be larger than 0. Nothing will be sent to any worker thread.
[2026-05-21T16:34:11.462] [DEBUG] debug-file - watch worker: worker id should be larger than 0. Nothing will be sent to any worker thread.
[2026-05-21T16:34:11.467] [DEBUG] debug-file - worker[9] exits with exit code 1.
[2026-05-21T16:40:44.202] [DEBUG] debug-file - session manager: set active socket. socketId=Uw5Y-AyZdXiXaAsDAAAF
[2026-05-21T16:40:44.395] [DEBUG] debug-file - watch worker: worker id should be larger than 0. Nothing will be sent to any worker thread.
[2026-05-21T16:40:44.495] [DEBUG] debug-file - Workers' log level updated to INFO
[2026-05-21T16:40:44.526] [DEBUG] debug-file - Hvigor init with startParameters:{
  hvigorfileTypeCheck: false,
  parallelExecution: true,
  incrementalExecution: true,
  printStackTrace: false,
  daemon: true,
  analyze: 0,
  logLevel: Level { level: 20000, levelStr: 'INFO', colour: 'green' },
  optimizationStrategy: 'memory',
  hotCompile: undefined,
  hotReloadBuild: undefined,
  customizedParam: undefined
}
[2026-05-21T16:40:44.690] [DEBUG] debug-file - Cache service initialization finished in 163 ms 
[2026-05-21T16:40:44.739] [DEBUG] debug-file - hvigorfile, resolving E:\Grade3-2\HomenyOS\Homeworks\Homework2\MyAPP\hvigorfile.ts
[2026-05-21T16:40:44.808] [DEBUG] debug-file - hvigorfile, require result:  {}
[2026-05-21T16:40:44.808] [DEBUG] debug-file - hvigorfile, binding system plugins {}
[2026-05-21T16:40:44.810] [DEBUG] debug-file - Starting plugin build process
[2026-05-21T16:40:44.811] [DEBUG] debug-file - App plugin prepare start...
[2026-05-21T16:40:44.813] [DEBUG] debug-file - App plugin prepare end...
[2026-05-21T16:40:44.814] [DEBUG] debug-file - App plugin creating...
[2026-05-21T16:40:44.929] [DEBUG] debug-file - App plugin register hook start...
[2026-05-21T16:40:44.931] [DEBUG] debug-file - App plugin register hook end...
[2026-05-21T16:40:44.931] [DEBUG] debug-file - Plugin build process completed
[2026-05-21T16:40:44.933] [DEBUG] debug-file - Start initialize project's product build option map with build mode debug.
[2026-05-21T16:40:44.933] [DEBUG] debug-file - Picking option from product 'default' with build mode 'debug'.
[2026-05-21T16:40:44.934] [DEBUG] debug-file - Product 'default' build option initialized
[2026-05-21T16:40:44.934] [DEBUG] debug-file - End initialize project's product build option map with build mode 'debug'.
[2026-05-21T16:40:44.939] [DEBUG] debug-file - Obtain build option for product 'default'in this build.
[2026-05-21T16:40:44.942] [DEBUG] debug-file - not found resModel json file in : E:\Grade3-2\HomenyOS\Homeworks\Homework2\MyAPP\entry\src\ohosTest\module.json5
[2026-05-21T16:40:44.951] [DEBUG] debug-file - No signingConfig found, initRemoteHspCache failed.
[2026-05-21T16:40:44.966] [DEBUG] debug-file - Start recording SDK configuration permission data.
[2026-05-21T16:40:45.324] [DEBUG] debug-file - Sdk init in 371 ms 
[2026-05-21T16:40:45.339] [DEBUG] debug-file - Project task initialization takes 12 ms 
[2026-05-21T16:40:45.340] [DEBUG] debug-file - hvigorfile, resolve finished E:\Grade3-2\HomenyOS\Homeworks\Homework2\MyAPP\hvigorfile.ts
[2026-05-21T16:40:45.340] [DEBUG] debug-file - hvigorfile, resolving E:\Grade3-2\HomenyOS\Homeworks\Homework2\MyAPP\entry\hvigorfile.ts
[2026-05-21T16:40:45.354] [DEBUG] debug-file - hvigorfile, require result:  {}
[2026-05-21T16:40:45.355] [DEBUG] debug-file - hvigorfile, binding system plugins {}
[2026-05-21T16:40:45.355] [DEBUG] debug-file - Starting plugin build process
[2026-05-21T16:40:45.355] [DEBUG] debug-file - Hap plugin creating...
[2026-05-21T16:40:45.359] [DEBUG] debug-file - failed to load cangjie to dynamically generate schemas: Error: Cannot find module '@ohos/cangjie-build-support/index'
Require stack:
- D:\DevEco Studio\tools\hvigor\hvigor-ohos-plugin\src\plugin\hooks\cangjie-register.js
- D:\DevEco Studio\tools\hvigor\hvigor-ohos-plugin\src\plugin\strategy\stage-init-strategy.js
- D:\DevEco Studio\tools\hvigor\hvigor-ohos-plugin\src\plugin\builder\abstract-plugin-builder.js
- D:\DevEco Studio\tools\hvigor\hvigor-ohos-plugin\src\plugin\builder\app-plugin-builder.js
- D:\DevEco Studio\tools\hvigor\hvigor-ohos-plugin\src\plugin\factory\plugin-factory.js
- D:\DevEco Studio\tools\hvigor\hvigor-ohos-plugin\index.js
- E:\Grade3-2\HomenyOS\Homeworks\Homework2\MyAPP\hvigorfile.ts
- D:\DevEco Studio\tools\hvigor\hvigor\src\base\internal\lifecycle\configuration.js
- D:\DevEco Studio\tools\hvigor\hvigor\src\base\boot\index.js
- D:\DevEco Studio\tools\hvigor\hvigor\src\base\daemon\cluster\worker-process-lifecycle.js
- D:\DevEco Studio\tools\hvigor\hvigor\src\base\daemon\process\daemon-process-boot-script.js
[2026-05-21T16:40:45.365] [DEBUG] debug-file - Start initialize module-target build option map, moduleName=entry, buildMode=release
[2026-05-21T16:40:45.365] [DEBUG] debug-file - Target 'default' config initialized
[2026-05-21T16:40:45.366] [DEBUG] debug-file - Target 'ohosTest' config initialized
[2026-05-21T16:40:45.368] [DEBUG] debug-file - Module 'entry' target 'default' build option initialized
[2026-05-21T16:40:45.369] [DEBUG] debug-file - Module 'entry' target 'ohosTest' build option initialized
[2026-05-21T16:40:45.369] [DEBUG] debug-file - End initialize module-target build option map, moduleName=entry
[2026-05-21T16:40:45.369] [DEBUG] debug-file - Start initialize module-target build option map, moduleName=entry, buildMode=debug
[2026-05-21T16:40:45.370] [DEBUG] debug-file - Target 'default' config initialized
[2026-05-21T16:40:45.371] [DEBUG] debug-file - Target 'ohosTest' config initialized
[2026-05-21T16:40:45.371] [DEBUG] debug-file - Module 'entry' target 'default' build option initialized
[2026-05-21T16:40:45.371] [DEBUG] debug-file - Module 'entry' target 'ohosTest' build option initialized
[2026-05-21T16:40:45.372] [DEBUG] debug-file - End initialize module-target build option map, moduleName=entry
[2026-05-21T16:40:45.373] [DEBUG] debug-file - Start initialize module-target build option map, moduleName=entry, buildMode=debug
[2026-05-21T16:40:45.373] [DEBUG] debug-file - Target 'default' config initialized
[2026-05-21T16:40:45.374] [DEBUG] debug-file - Target 'ohosTest' config initialized
[2026-05-21T16:40:45.374] [DEBUG] debug-file - Module 'entry' target 'default' build option initialized
[2026-05-21T16:40:45.374] [DEBUG] debug-file - Module 'entry' target 'ohosTest' build option initialized
[2026-05-21T16:40:45.375] [DEBUG] debug-file - End initialize module-target build option map, moduleName=entry
[2026-05-21T16:40:45.375] [DEBUG] debug-file - Obtain build option for module 'entry' target 'default'in this build.
[2026-05-21T16:40:45.382] [DEBUG] debug-file - Module entry task initialization takes 5 ms 
[2026-05-21T16:40:45.382] [DEBUG] debug-file - Hap plugin register hook start...
[2026-05-21T16:40:45.382] [DEBUG] debug-file - Hap plugin register hook end...
[2026-05-21T16:40:45.382] [DEBUG] debug-file - Plugin build process completed
[2026-05-21T16:40:45.383] [DEBUG] debug-file - hvigorfile, resolve finished E:\Grade3-2\HomenyOS\Homeworks\Homework2\MyAPP\entry\hvigorfile.ts
[2026-05-21T16:40:45.594] [DEBUG] debug-file - hvigorfile, resolve hvigorfile dependencies in 211 ms 
[2026-05-21T16:40:45.595] [DEBUG] debug-file - project has submodules:entry
[2026-05-21T16:40:45.600] [DEBUG] debug-file - start to load updatedOhPackageInfo to the disk
[2026-05-21T16:40:45.605] [DEBUG] debug-file - load to the disk finished
[2026-05-21T16:40:45.607] [DEBUG] debug-file - Start to initialize dependency information.
[2026-05-21T16:40:45.609] [DEBUG] debug-file - Module MyAPP Collected Dependency: 
[2026-05-21T16:40:45.609] [DEBUG] debug-file - Module MyAPP's total dependency: 0
[2026-05-21T16:40:45.610] [DEBUG] debug-file - Start to initialize dependency information.
[2026-05-21T16:40:45.614] [DEBUG] debug-file - Module entry Collected Dependency: 
[2026-05-21T16:40:45.614] [DEBUG] debug-file - Module entry's total dependency: 0
[2026-05-21T16:40:45.619] [DEBUG] debug-file - Configuration phase cost:929 ms 
[2026-05-21T16:40:45.623] [DEBUG] debug-file - Configuration task cost before running: 1 s 122 ms 
[2026-05-21T16:40:45.635] [DEBUG] debug-file - Executing task :entry:default@PreBuild
[2026-05-21T16:40:45.638] [DEBUG] debug-file - Task 'entry:default@PreBuild' cost while wrapping incremental declarations: 1 ms 
[2026-05-21T16:40:45.762] [DEBUG] debug-file - Incremental task entry:default@PreBuild pre-execution cost: 53 ms .
[2026-05-21T16:40:45.763] [DEBUG] debug-file - entry : default@PreBuild cost memory 0.371826171875
[2026-05-21T16:40:45.768] [INFO] debug-file - UP-TO-DATE :entry:default@PreBuild...  
[2026-05-21T16:40:45.772] [DEBUG] debug-file - Executing task :entry:default@CreateModuleInfo
[2026-05-21T16:40:45.772] [DEBUG] debug-file - Task 'entry:default@CreateModuleInfo' cost while wrapping incremental declarations: 1 ms 
[2026-05-21T16:40:45.773] [DEBUG] debug-file - entry : default@CreateModuleInfo cost memory 0.04589080810546875
[2026-05-21T16:40:45.774] [DEBUG] debug-file - runTaskFromQueue task cost before running: 1 s 273 ms 
[2026-05-21T16:40:45.774] [INFO] debug-file - Finished :entry:default@CreateModuleInfo... after 2 ms 
[2026-05-21T16:40:45.781] [DEBUG] debug-file - Executing task :entry:default@GenerateMetadata
[2026-05-21T16:40:45.781] [DEBUG] debug-file - Task 'entry:default@GenerateMetadata' cost while wrapping incremental declarations: 1 ms 
[2026-05-21T16:40:45.879] [DEBUG] debug-file - Incremental task entry:default@GenerateMetadata pre-execution cost: 95 ms .
[2026-05-21T16:40:45.879] [DEBUG] debug-file - entry : default@GenerateMetadata cost memory -0.7028884887695312
[2026-05-21T16:40:45.880] [INFO] debug-file - UP-TO-DATE :entry:default@GenerateMetadata...  
[2026-05-21T16:40:45.891] [DEBUG] debug-file - Executing task :entry:default@ConfigureCmake
[2026-05-21T16:40:45.891] [DEBUG] debug-file - entry : default@ConfigureCmake cost memory 0.01458740234375
[2026-05-21T16:40:45.892] [DEBUG] debug-file - runTaskFromQueue task cost before running: 1 s 391 ms 
[2026-05-21T16:40:45.893] [INFO] debug-file - Finished :entry:default@ConfigureCmake... after 1 ms 
[2026-05-21T16:40:45.898] [DEBUG] debug-file - Executing task :entry:default@MergeProfile
[2026-05-21T16:40:45.899] [DEBUG] debug-file - Task 'entry:default@MergeProfile' cost while wrapping incremental declarations: 1 ms 
[2026-05-21T16:40:45.913] [DEBUG] debug-file - Incremental task entry:default@MergeProfile pre-execution cost: 12 ms .
[2026-05-21T16:40:45.914] [DEBUG] debug-file - entry : default@MergeProfile cost memory 0.1439056396484375
[2026-05-21T16:40:45.917] [INFO] debug-file - UP-TO-DATE :entry:default@MergeProfile...  
[2026-05-21T16:40:45.924] [DEBUG] debug-file - Executing task :entry:default@CreateBuildProfile
[2026-05-21T16:40:45.930] [DEBUG] debug-file - Task 'entry:default@CreateBuildProfile' cost while wrapping incremental declarations: 1 ms 
[2026-05-21T16:40:45.938] [DEBUG] debug-file - Incremental task entry:default@CreateBuildProfile pre-execution cost: 8 ms .
[2026-05-21T16:40:45.938] [DEBUG] debug-file - entry : default@CreateBuildProfile cost memory 0.120269775390625
[2026-05-21T16:40:45.941] [INFO] debug-file - UP-TO-DATE :entry:default@CreateBuildProfile...  
[2026-05-21T16:40:45.947] [DEBUG] debug-file - Executing task :entry:default@PreCheckSyscap
[2026-05-21T16:40:45.951] [DEBUG] debug-file - entry : default@PreCheckSyscap cost memory 0.014862060546875
[2026-05-21T16:40:45.952] [DEBUG] debug-file - runTaskFromQueue task cost before running: 1 s 452 ms 
[2026-05-21T16:40:45.955] [INFO] debug-file - Finished :entry:default@PreCheckSyscap... after 6 ms 
[2026-05-21T16:40:45.968] [DEBUG] debug-file - Executing task :entry:default@GeneratePkgContextInfo
[2026-05-21T16:40:45.986] [DEBUG] debug-file - Task 'entry:default@GeneratePkgContextInfo' cost while wrapping incremental declarations: 1 ms 
[2026-05-21T16:40:45.987] [DEBUG] debug-file - entry : default@GeneratePkgContextInfo cost memory -0.6429367065429688
[2026-05-21T16:40:45.988] [DEBUG] debug-file - runTaskFromQueue task cost before running: 1 s 487 ms 
[2026-05-21T16:40:45.988] [INFO] debug-file - Finished :entry:default@GeneratePkgContextInfo... after 20 ms 
[2026-05-21T16:40:45.991] [DEBUG] debug-file - Executing task :entry:default@GeneratePkgSdkInfo
[2026-05-21T16:40:45.995] [DEBUG] debug-file - Task 'entry:default@GeneratePkgSdkInfo' cost while wrapping incremental declarations: 1 ms 
[2026-05-21T16:40:46.089] [DEBUG] debug-file - Incremental task entry:default@GeneratePkgSdkInfo pre-execution cost: 94 ms .
[2026-05-21T16:40:46.090] [DEBUG] debug-file - entry : default@GeneratePkgSdkInfo cost memory 0.1466827392578125
[2026-05-21T16:40:46.096] [INFO] debug-file - UP-TO-DATE :entry:default@GeneratePkgSdkInfo...  
[2026-05-21T16:40:46.107] [DEBUG] debug-file - Executing task :entry:default@ProcessIntegratedHsp
[2026-05-21T16:40:46.108] [DEBUG] debug-file - entry:default@ProcessIntegratedHsp is not up-to-date, since the output file 'E:\Grade3-2\HomenyOS\Homeworks\Homework2\MyAPP\build\cache\default\integrated_hsp\integratedHspCache.json' does not exist.
[2026-05-21T16:40:46.109] [DEBUG] debug-file - Incremental task entry:default@ProcessIntegratedHsp pre-execution cost: 2 ms .
[2026-05-21T16:40:46.109] [DEBUG] debug-file - entry : default@ProcessIntegratedHsp cost memory 0.0769805908203125
[2026-05-21T16:40:46.109] [DEBUG] debug-file - runTaskFromQueue task cost before running: 1 s 609 ms 
[2026-05-21T16:40:46.111] [INFO] debug-file - Finished :entry:default@ProcessIntegratedHsp... after 3 ms 
[2026-05-21T16:40:46.114] [DEBUG] debug-file - Executing task :entry:default@BuildNativeWithCmake
[2026-05-21T16:40:46.114] [DEBUG] debug-file - entry : default@BuildNativeWithCmake cost memory 0.01458740234375
[2026-05-21T16:40:46.114] [DEBUG] debug-file - runTaskFromQueue task cost before running: 1 s 614 ms 
[2026-05-21T16:40:46.115] [INFO] debug-file - Finished :entry:default@BuildNativeWithCmake... after 1 ms 
[2026-05-21T16:40:46.118] [DEBUG] debug-file - Executing task :entry:default@MakePackInfo
[2026-05-21T16:40:46.126] [DEBUG] debug-file - Incremental task entry:default@MakePackInfo pre-execution cost: 8 ms .
[2026-05-21T16:40:46.127] [DEBUG] debug-file - entry : default@MakePackInfo cost memory -0.6721725463867188
[2026-05-21T16:40:46.128] [INFO] debug-file - UP-TO-DATE :entry:default@MakePackInfo...  
[2026-05-21T16:40:46.132] [DEBUG] debug-file - Executing task :entry:default@SyscapTransform
[2026-05-21T16:40:46.133] [DEBUG] debug-file - File: 'E:\Grade3-2\HomenyOS\Homeworks\Homework2\MyAPP\entry\src\main\syscap.json' from 'sysCapJsonPath' is not exists, just ignore.
[2026-05-21T16:40:46.137] [DEBUG] debug-file - Task 'entry:default@SyscapTransform' cost while wrapping incremental declarations: 5 ms 
[2026-05-21T16:40:46.144] [DEBUG] debug-file - entry:default@SyscapTransform is not up-to-date, since the output file 'E:\Grade3-2\HomenyOS\Homeworks\Homework2\MyAPP\entry\build\default\intermediates\syscap\default\rpcid.sc' does not exist.
[2026-05-21T16:40:46.145] [DEBUG] debug-file - Incremental task entry:default@SyscapTransform pre-execution cost: 8 ms .
[2026-05-21T16:40:46.145] [DEBUG] debug-file - entry : default@SyscapTransform cost memory 0.16785430908203125
[2026-05-21T16:40:46.146] [DEBUG] debug-file - runTaskFromQueue task cost before running: 1 s 645 ms 
[2026-05-21T16:40:46.147] [INFO] debug-file - Finished :entry:default@SyscapTransform... after 14 ms 
[2026-05-21T16:40:46.151] [DEBUG] debug-file - Executing task :entry:default@ProcessProfile
[2026-05-21T16:40:46.154] [DEBUG] debug-file - Task 'entry:default@ProcessProfile' cost while wrapping incremental declarations: 1 ms 
[2026-05-21T16:40:46.158] [DEBUG] debug-file - Incremental task entry:default@ProcessProfile pre-execution cost: 4 ms .
[2026-05-21T16:40:46.158] [DEBUG] debug-file - entry : default@ProcessProfile cost memory 0.13755035400390625
[2026-05-21T16:40:46.160] [INFO] debug-file - UP-TO-DATE :entry:default@ProcessProfile...  
[2026-05-21T16:40:46.163] [DEBUG] debug-file - Executing task :entry:default@ProcessRouterMap
[2026-05-21T16:40:46.176] [DEBUG] debug-file - Incremental task entry:default@ProcessRouterMap pre-execution cost: 10 ms .
[2026-05-21T16:40:46.176] [DEBUG] debug-file - entry : default@ProcessRouterMap cost memory -0.5722579956054688
[2026-05-21T16:40:46.178] [INFO] debug-file - UP-TO-DATE :entry:default@ProcessRouterMap...  
[2026-05-21T16:40:46.182] [DEBUG] debug-file - Executing task :entry:default@ProcessShareConfig
[2026-05-21T16:40:46.186] [DEBUG] debug-file - Incremental task entry:default@ProcessShareConfig pre-execution cost: 3 ms .
[2026-05-21T16:40:46.187] [DEBUG] debug-file - entry : default@ProcessShareConfig cost memory 0.12030029296875
[2026-05-21T16:40:46.188] [INFO] debug-file - UP-TO-DATE :entry:default@ProcessShareConfig...  
[2026-05-21T16:40:46.191] [DEBUG] debug-file - Executing task :entry:default@ProcessStartupConfig
[2026-05-21T16:40:46.192] [DEBUG] debug-file - Task 'entry:default@ProcessStartupConfig' cost while wrapping incremental declarations: 1 ms 
[2026-05-21T16:40:46.193] [DEBUG] debug-file - entry:default@ProcessStartupConfig is not up-to-date, since the output file 'E:\Grade3-2\HomenyOS\Homeworks\Homework2\MyAPP\entry\build\default\intermediates\startup\default\startup_config.json' does not exist.
[2026-05-21T16:40:46.194] [DEBUG] debug-file - Incremental task entry:default@ProcessStartupConfig pre-execution cost: 1 ms .
[2026-05-21T16:40:46.195] [DEBUG] debug-file - entry : default@ProcessStartupConfig cost memory 0.1099700927734375
[2026-05-21T16:40:46.195] [DEBUG] debug-file - runTaskFromQueue task cost before running: 1 s 695 ms 
[2026-05-21T16:40:46.196] [INFO] debug-file - Finished :entry:default@ProcessStartupConfig... after 5 ms 
[2026-05-21T16:40:46.199] [DEBUG] debug-file - Executing task :entry:default@BuildNativeWithNinja
[2026-05-21T16:40:46.201] [DEBUG] debug-file - entry : default@BuildNativeWithNinja cost memory 0.022186279296875
[2026-05-21T16:40:46.202] [DEBUG] debug-file - runTaskFromQueue task cost before running: 1 s 702 ms 
[2026-05-21T16:40:46.203] [INFO] debug-file - Finished :entry:default@BuildNativeWithNinja... after 3 ms 
[2026-05-21T16:40:46.207] [DEBUG] debug-file - restool module names: entry; moduleName=entry, taskName=default@ProcessResource
[2026-05-21T16:40:46.235] [DEBUG] debug-file - Executing task :entry:default@ProcessResource
[2026-05-21T16:40:46.236] [DEBUG] debug-file - Task 'entry:default@ProcessResource' cost while wrapping incremental declarations: 1 ms 
[2026-05-21T16:40:46.268] [DEBUG] debug-file - Incremental task entry:default@ProcessResource pre-execution cost: 30 ms .
[2026-05-21T16:40:46.269] [DEBUG] debug-file - entry : default@ProcessResource cost memory 0.1541748046875
[2026-05-21T16:40:46.306] [INFO] debug-file - UP-TO-DATE :entry:default@ProcessResource...  
[2026-05-21T16:40:46.311] [DEBUG] debug-file - Executing task :entry:default@GenerateLoaderJson
[2026-05-21T16:40:46.313] [DEBUG] debug-file - Task 'entry:default@GenerateLoaderJson' cost while wrapping incremental declarations: 1 ms 
[2026-05-21T16:40:46.335] [DEBUG] debug-file - Incremental task entry:default@GenerateLoaderJson pre-execution cost: 13 ms .
[2026-05-21T16:40:46.335] [DEBUG] debug-file - entry : default@GenerateLoaderJson cost memory 0.5552825927734375
[2026-05-21T16:40:46.344] [INFO] debug-file - UP-TO-DATE :entry:default@GenerateLoaderJson...  
[2026-05-21T16:40:46.349] [DEBUG] debug-file - Executing task :entry:default@ProcessLibs
[2026-05-21T16:40:46.355] [DEBUG] debug-file - Incremental task entry:default@ProcessLibs pre-execution cost: 4 ms .
[2026-05-21T16:40:46.355] [DEBUG] debug-file - entry : default@ProcessLibs cost memory 0.1131439208984375
[2026-05-21T16:40:46.357] [INFO] debug-file - UP-TO-DATE :entry:default@ProcessLibs...  
[2026-05-21T16:40:46.360] [DEBUG] debug-file - restool module names: entry; moduleName=entry, taskName=default@CompileResource
[2026-05-21T16:40:46.362] [DEBUG] debug-file - Executing task :entry:default@CompileResource
[2026-05-21T16:40:46.408] [DEBUG] debug-file - Incremental task entry:default@CompileResource pre-execution cost: 43 ms .
[2026-05-21T16:40:46.408] [DEBUG] debug-file - entry : default@CompileResource cost memory -0.15341949462890625
[2026-05-21T16:40:46.412] [INFO] debug-file - UP-TO-DATE :entry:default@CompileResource...  
[2026-05-21T16:40:46.414] [DEBUG] debug-file - Executing task :entry:default@DoNativeStrip
[2026-05-21T16:40:46.414] [DEBUG] debug-file - File: 'E:\Grade3-2\HomenyOS\Homeworks\Homework2\MyAPP\entry\build\default\intermediates\binxo\default' from 'doBinxoNativeLibs' is not exists, just ignore.
[2026-05-21T16:40:46.415] [DEBUG] debug-file - Task 'entry:default@DoNativeStrip' cost while wrapping incremental declarations: 1 ms 
[2026-05-21T16:40:46.419] [DEBUG] debug-file - Incremental task entry:default@DoNativeStrip pre-execution cost: 4 ms .
[2026-05-21T16:40:46.441] [DEBUG] debug-file - entry : default@DoNativeStrip cost memory 0.105621337890625
[2026-05-21T16:40:46.444] [INFO] debug-file - UP-TO-DATE :entry:default@DoNativeStrip...  
[2026-05-21T16:40:46.496] [DEBUG] debug-file - Executing task :entry:default@CompileArkTS
[2026-05-21T16:40:46.498] [DEBUG] debug-file - obfuscationOptions: undefined
[2026-05-21T16:40:46.511] [DEBUG] debug-file - Task 'entry:default@CompileArkTS' cost while wrapping incremental declarations: 1 ms 
[2026-05-21T16:40:46.543] [DEBUG] debug-file - Incremental task entry:default@CompileArkTS pre-execution cost: 27 ms .
[2026-05-21T16:40:46.545] [DEBUG] debug-file - entry : default@CompileArkTS cost memory 0.7870864868164062
[2026-05-21T16:40:46.552] [INFO] debug-file - UP-TO-DATE :entry:default@CompileArkTS...  
[2026-05-21T16:40:46.557] [DEBUG] debug-file - Executing task :entry:default@BuildJS
[2026-05-21T16:40:46.559] [DEBUG] debug-file - Task 'entry:default@BuildJS' cost while wrapping incremental declarations: 1 ms 
[2026-05-21T16:40:46.572] [DEBUG] debug-file - entry : default@BuildJS cost memory 0.15843963623046875
[2026-05-21T16:40:46.574] [DEBUG] debug-file - runTaskFromQueue task cost before running: 2 s 74 ms 
[2026-05-21T16:40:46.576] [INFO] debug-file - Finished :entry:default@BuildJS... after 18 ms 
[2026-05-21T16:40:46.581] [DEBUG] debug-file - Executing task :entry:default@CacheNativeLibs
[2026-05-21T16:40:46.582] [DEBUG] debug-file - File: 'E:\Grade3-2\HomenyOS\Homeworks\Homework2\MyAPP\entry\build\default\intermediates\binxo\default' from 'cacheBinxoNativeLibs' is not exists, just ignore.
[2026-05-21T16:40:46.583] [DEBUG] debug-file - Task 'entry:default@CacheNativeLibs' cost while wrapping incremental declarations: 2 ms 
[2026-05-21T16:40:46.589] [DEBUG] debug-file - Incremental task entry:default@CacheNativeLibs pre-execution cost: 6 ms .
[2026-05-21T16:40:46.589] [DEBUG] debug-file - entry : default@CacheNativeLibs cost memory 0.13242340087890625
[2026-05-21T16:40:46.590] [INFO] debug-file - UP-TO-DATE :entry:default@CacheNativeLibs...  
[2026-05-21T16:40:46.594] [DEBUG] debug-file - Executing task :entry:default@GeneratePkgModuleJson
[2026-05-21T16:40:46.594] [DEBUG] debug-file - File: 'E:\Grade3-2\HomenyOS\Homeworks\Homework2\MyAPP\entry\build\default\intermediates\preload\default\preload.json' from 'preloadSoJsonPath' is not exists, just ignore.
[2026-05-21T16:40:46.596] [DEBUG] debug-file - Error occurs while handling @Input 'shouldDeduplicateHar': The "data" argument must be of type string or an instance of Buffer, TypedArray, or DataView. Received undefined
[2026-05-21T16:40:46.596] [DEBUG] debug-file - Task 'entry:default@GeneratePkgModuleJson' cost while wrapping incremental declarations: 2 ms 
[2026-05-21T16:40:46.600] [DEBUG] debug-file - Incremental task entry:default@GeneratePkgModuleJson pre-execution cost: 3 ms .
[2026-05-21T16:40:46.600] [DEBUG] debug-file - entry : default@GeneratePkgModuleJson cost memory 0.11338043212890625
[2026-05-21T16:40:46.692] [INFO] debug-file - UP-TO-DATE :entry:default@GeneratePkgModuleJson...  
[2026-05-21T16:40:46.704] [DEBUG] debug-file - Executing task :entry:default@ProcessCompiledResources
[2026-05-21T16:40:46.704] [DEBUG] debug-file - File: 'E:\Grade3-2\HomenyOS\Homeworks\Homework2\MyAPP\entry\build\default\intermediates\preload\default\preload.json' from 'preloadSoJsonPath' is not exists, just ignore.
[2026-05-21T16:40:46.704] [DEBUG] debug-file - Task 'entry:default@ProcessCompiledResources' cost while wrapping incremental declarations: 1 ms 
[2026-05-21T16:40:46.709] [DEBUG] debug-file - entry : default@ProcessCompiledResources cost memory 0.06128692626953125
[2026-05-21T16:40:46.709] [DEBUG] debug-file - runTaskFromQueue task cost before running: 2 s 209 ms 
[2026-05-21T16:40:46.709] [INFO] debug-file - Finished :entry:default@ProcessCompiledResources... after 6 ms 
[2026-05-21T16:40:46.725] [DEBUG] debug-file - Executing task :entry:default@PackageHap
[2026-05-21T16:40:46.777] [DEBUG] debug-file - Incremental task entry:default@PackageHap pre-execution cost: 49 ms .
[2026-05-21T16:40:46.777] [DEBUG] debug-file - entry : default@PackageHap cost memory 0.9274749755859375
[2026-05-21T16:40:46.784] [INFO] debug-file - UP-TO-DATE :entry:default@PackageHap...  
[2026-05-21T16:40:46.787] [DEBUG] debug-file - Executing task :entry:default@PackingCheck
[2026-05-21T16:40:46.818] [DEBUG] debug-file - entry : default@PackingCheck cost memory 0.490081787109375
[2026-05-21T16:40:46.819] [DEBUG] debug-file - runTaskFromQueue task cost before running: 2 s 319 ms 
[2026-05-21T16:40:46.820] [INFO] debug-file - Finished :entry:default@PackingCheck... after 33 ms 
[2026-05-21T16:40:46.826] [DEBUG] debug-file - Executing task :entry:default@SignHap
[2026-05-21T16:40:46.827] [WARN] debug-file - Will skip sign 'hos_hap'. No signingConfigs profile is configured in current project.
             If needed, configure the signingConfigs in E:\Grade3-2\HomenyOS\Homeworks\Homework2\MyAPP\build-profile.json5.
[2026-05-21T16:40:46.829] [DEBUG] debug-file - entry:default@SignHap is not up-to-date, since the output file 'E:\Grade3-2\HomenyOS\Homeworks\Homework2\MyAPP\entry\build\default\outputs\default\entry-default-signed.hap' does not exist.
[2026-05-21T16:40:46.830] [DEBUG] debug-file - Incremental task entry:default@SignHap pre-execution cost: 3 ms .
[2026-05-21T16:40:46.831] [DEBUG] debug-file - entry : default@SignHap cost memory 0.0968780517578125
[2026-05-21T16:40:46.832] [DEBUG] debug-file - runTaskFromQueue task cost before running: 2 s 331 ms 
[2026-05-21T16:40:46.835] [INFO] debug-file - Finished :entry:default@SignHap... after 6 ms 
[2026-05-21T16:40:46.890] [DEBUG] debug-file - Executing task :entry:default@CollectDebugSymbol
[2026-05-21T16:40:46.941] [DEBUG] debug-file - entry : default@CollectDebugSymbol cost memory 0.103302001953125
[2026-05-21T16:40:46.944] [DEBUG] debug-file - runTaskFromQueue task cost before running: 2 s 441 ms 
[2026-05-21T16:40:46.945] [INFO] debug-file - Finished :entry:default@CollectDebugSymbol... after 51 ms 
[2026-05-21T16:40:46.951] [DEBUG] debug-file - Executing task :entry:assembleHap
[2026-05-21T16:40:46.953] [DEBUG] debug-file - entry : assembleHap cost memory 0.0263214111328125
[2026-05-21T16:40:46.953] [DEBUG] debug-file - runTaskFromQueue task cost before running: 2 s 452 ms 
[2026-05-21T16:40:46.953] [INFO] debug-file - Finished :entry:assembleHap... after 3 ms 
[2026-05-21T16:40:46.995] [INFO] debug-file - BUILD SUCCESSFUL in 2 s 495 ms 
[2026-05-21T16:40:46.996] [DEBUG] debug-file - There is no need to refresh cache, since the incremental task entry:default@PreBuild is up-to-date.
[2026-05-21T16:40:46.996] [DEBUG] debug-file - Update task entry:default@CreateModuleInfo output file:E:\Grade3-2\HomenyOS\Homeworks\Homework2\MyAPP\entry\build\default\generated\profile\default\ModuleInfo.ts cache.
[2026-05-21T16:40:46.997] [DEBUG] debug-file - Incremental task entry:default@CreateModuleInfo post-execution cost:1 ms .
[2026-05-21T16:40:46.997] [DEBUG] debug-file - There is no need to refresh cache, since the incremental task entry:default@GenerateMetadata is up-to-date.
[2026-05-21T16:40:46.997] [DEBUG] debug-file - There is no need to refresh cache, since the incremental task entry:default@MergeProfile is up-to-date.
[2026-05-21T16:40:46.997] [DEBUG] debug-file - There is no need to refresh cache, since the incremental task entry:default@CreateBuildProfile is up-to-date.
[2026-05-21T16:40:46.998] [DEBUG] debug-file - Update task entry:default@GeneratePkgContextInfo output file:E:\Grade3-2\HomenyOS\Homeworks\Homework2\MyAPP\entry\build\default\intermediates\loader\default\pkgContextInfo.json cache.
[2026-05-21T16:40:46.999] [DEBUG] debug-file - Incremental task entry:default@GeneratePkgContextInfo post-execution cost:2 ms .
[2026-05-21T16:40:46.999] [DEBUG] debug-file - There is no need to refresh cache, since the incremental task entry:default@GeneratePkgSdkInfo is up-to-date.
[2026-05-21T16:40:47.000] [DEBUG] debug-file - Update task entry:default@ProcessIntegratedHsp output file:E:\Grade3-2\HomenyOS\Homeworks\Homework2\MyAPP\build\cache\default\integrated_hsp\integratedHspCache.json cache.
[2026-05-21T16:40:47.000] [DEBUG] debug-file - Incremental task entry:default@ProcessIntegratedHsp post-execution cost:1 ms .
[2026-05-21T16:40:47.001] [DEBUG] debug-file - There is no need to refresh cache, since the incremental task entry:default@MakePackInfo is up-to-date.
[2026-05-21T16:40:47.001] [DEBUG] debug-file - Update task entry:default@SyscapTransform input file:D:\DevEco Studio\sdk\default\openharmony\toolchains\syscap_tool.exe cache by regenerate.
[2026-05-21T16:40:47.002] [DEBUG] debug-file - Update task entry:default@SyscapTransform input file:D:\DevEco Studio\sdk\default\openharmony\ets\api\device-define cache by regenerate.
[2026-05-21T16:40:47.007] [DEBUG] debug-file - Update task entry:default@SyscapTransform output file:E:\Grade3-2\HomenyOS\Homeworks\Homework2\MyAPP\entry\build\default\intermediates\syscap\default\rpcid.sc cache.
[2026-05-21T16:40:47.008] [DEBUG] debug-file - Incremental task entry:default@SyscapTransform post-execution cost:8 ms .
[2026-05-21T16:40:47.009] [DEBUG] debug-file - There is no need to refresh cache, since the incremental task entry:default@ProcessProfile is up-to-date.
[2026-05-21T16:40:47.009] [DEBUG] debug-file - There is no need to refresh cache, since the incremental task entry:default@ProcessRouterMap is up-to-date.
[2026-05-21T16:40:47.009] [DEBUG] debug-file - There is no need to refresh cache, since the incremental task entry:default@ProcessShareConfig is up-to-date.
[2026-05-21T16:40:47.009] [DEBUG] debug-file - Update task entry:default@ProcessStartupConfig output file:E:\Grade3-2\HomenyOS\Homeworks\Homework2\MyAPP\entry\build\default\intermediates\startup\default\startup_config.json cache.
[2026-05-21T16:40:47.010] [DEBUG] debug-file - Incremental task entry:default@ProcessStartupConfig post-execution cost:2 ms .
[2026-05-21T16:40:47.010] [DEBUG] debug-file - There is no need to refresh cache, since the incremental task entry:default@ProcessResource is up-to-date.
[2026-05-21T16:40:47.011] [DEBUG] debug-file - There is no need to refresh cache, since the incremental task entry:default@GenerateLoaderJson is up-to-date.
[2026-05-21T16:40:47.011] [DEBUG] debug-file - There is no need to refresh cache, since the incremental task entry:default@ProcessLibs is up-to-date.
[2026-05-21T16:40:47.011] [DEBUG] debug-file - There is no need to refresh cache, since the incremental task entry:default@CompileResource is up-to-date.
[2026-05-21T16:40:47.011] [DEBUG] debug-file - There is no need to refresh cache, since the incremental task entry:default@DoNativeStrip is up-to-date.
[2026-05-21T16:40:47.011] [DEBUG] debug-file - There is no need to refresh cache, since the incremental task entry:default@CompileArkTS is up-to-date.
[2026-05-21T16:40:47.013] [DEBUG] debug-file - Update task entry:default@BuildJS input file:E:\Grade3-2\HomenyOS\Homeworks\Homework2\MyAPP\entry\build\default\intermediates\loader\default cache by regenerate.
[2026-05-21T16:40:47.016] [DEBUG] debug-file - Update task entry:default@BuildJS input file:E:\Grade3-2\HomenyOS\Homeworks\Homework2\MyAPP\entry\build\default\intermediates\res\default\ResourceTable.txt cache by regenerate.
[2026-05-21T16:40:47.016] [DEBUG] debug-file - Update task entry:default@BuildJS input file:E:\Grade3-2\HomenyOS\Homeworks\Homework2\MyAPP\entry\build\default\intermediates\res\default\ark_module.json cache by regenerate.
[2026-05-21T16:40:47.017] [DEBUG] debug-file - Update task entry:default@BuildJS input file:E:\Grade3-2\HomenyOS\Homeworks\Homework2\MyAPP\entry\build\default\intermediates\res\default\resources\base\profile cache by regenerate.
[2026-05-21T16:40:47.018] [DEBUG] debug-file - Update task entry:default@BuildJS output file:E:\Grade3-2\HomenyOS\Homeworks\Homework2\MyAPP\entry\build\default\intermediates\loader_out\default\js cache.
[2026-05-21T16:40:47.019] [DEBUG] debug-file - Incremental task entry:default@BuildJS post-execution cost:8 ms .
[2026-05-21T16:40:47.019] [DEBUG] debug-file - There is no need to refresh cache, since the incremental task entry:default@CacheNativeLibs is up-to-date.
[2026-05-21T16:40:47.021] [DEBUG] debug-file - There is no need to refresh cache, since the incremental task entry:default@GeneratePkgModuleJson is up-to-date.
[2026-05-21T16:40:47.021] [DEBUG] debug-file - Incremental task entry:default@ProcessCompiledResources post-execution cost:1 ms .
[2026-05-21T16:40:47.021] [DEBUG] debug-file - There is no need to refresh cache, since the incremental task entry:default@PackageHap is up-to-date.
[2026-05-21T16:40:47.022] [DEBUG] debug-file - Update task entry:default@SignHap input file:E:\Grade3-2\HomenyOS\Homeworks\Homework2\MyAPP\entry\build\default\outputs\default\entry-default-unsigned.hap cache by regenerate.
[2026-05-21T16:40:47.023] [DEBUG] debug-file - Update task entry:default@SignHap output file:E:\Grade3-2\HomenyOS\Homeworks\Homework2\MyAPP\entry\build\default\outputs\default\entry-default-signed.hap cache.
[2026-05-21T16:40:47.023] [DEBUG] debug-file - Incremental task entry:default@SignHap post-execution cost:3 ms .
[2026-05-21T16:40:47.024] [DEBUG] debug-file - Update task entry:default@CollectDebugSymbol input file:E:\Grade3-2\HomenyOS\Homeworks\Homework2\MyAPP\entry\build\default\intermediates\loader_out\default\ets\sourceMaps.map cache by regenerate.
[2026-05-21T16:40:47.024] [DEBUG] debug-file - Update task entry:default@CollectDebugSymbol input file:E:\Grade3-2\HomenyOS\Homeworks\Homework2\MyAPP\entry\build\default\intermediates\libs\default cache by regenerate.
[2026-05-21T16:40:47.025] [DEBUG] debug-file - Update task entry:default@CollectDebugSymbol output file:E:\Grade3-2\HomenyOS\Homeworks\Homework2\MyAPP\entry\build\default\outputs\default\symbol cache.
[2026-05-21T16:40:47.025] [DEBUG] debug-file - Incremental task entry:default@CollectDebugSymbol post-execution cost:2 ms .
[2026-05-21T16:40:47.205] [DEBUG] debug-file - hvigor build process will be closed.
[2026-05-21T16:40:47.420] [DEBUG] debug-file - session manager: send message to worker process.
[2026-05-21T16:40:47.421] [DEBUG] debug-file - session manager: send message to worker process.
[2026-05-21T16:40:47.421] [DEBUG] debug-file - watch worker: worker id should be larger than 0. Nothing will be sent to any worker thread.
[2026-05-21T16:40:47.422] [DEBUG] debug-file - watch worker: worker id should be larger than 0. Nothing will be sent to any worker thread.
[2026-05-21T16:42:41.033] [DEBUG] debug-file - session manager: set active socket. socketId=jsnrQb8Syx0rmPh9AAAH
[2026-05-21T16:42:41.053] [DEBUG] debug-file - watch worker: worker id should be larger than 0. Nothing will be sent to any worker thread.
[2026-05-21T16:42:41.056] [DEBUG] debug-file - Workers' log level updated to INFO
[2026-05-21T16:42:41.061] [DEBUG] debug-file - Hvigor init with startParameters:{
  hvigorfileTypeCheck: false,
  parallelExecution: true,
  incrementalExecution: true,
  printStackTrace: false,
  daemon: true,
  analyze: 0,
  logLevel: Level { level: 20000, levelStr: 'INFO', colour: 'green' },
  optimizationStrategy: 'memory',
  hotCompile: undefined,
  hotReloadBuild: undefined,
  customizedParam: undefined
}
